0x0,0.0,0.0,0.0,0.0,0.0,0.0,0.0,0.0,0.0,0.0,0.0,0.0,0.0,0.0,0.0,0.0,0.0,0.0,0.0,0.0,0.0,0.0,0.0
0x416b,0.0,0.0,0.0,2.5,1.8928571428571428,0.10714285714285714,0.0,0.7857142857142857,0.35714285714285715,0.0,0.03571428571428571,0.32142857142857145,0.0,0.10714285714285714,0.07142857142857142,0.21428571428571427,0.32142857142857145,1.8214285714285716,1.3214285714285714,0.0,0.10714285714285714,0.0,28.0
0x5163,0.0,0.0,0.0,1.5416666666666667,1.125,0.0,0.0,0.4583333333333333,0.16666666666666666,0.0,0.875,0.125,0.0,0.25,0.0,0.16666666666666666,0.375,1.6666666666666667,0.7916666666666666,0.0,0.0,0.0,24.0
0x516b,0.0,0.0,0.0,2.6111111111111107,2.833333333333333,0.2222222222222222,0.0,0.8333333333333334,0.2777777777777778,0.0,0.2777777777777778,0.2222222222222222,0.0,0.0,0.0,0.7777777777777778,0.16666666666666666,2.5,2.055555555555556,0.0,0.0,0.0,18.0
0x5523,0.0,0.0,0.0,1.7,1.7,0.075,0.0,1.55,0.175,0.0,0.375,0.525,0.0,0.15,0.45,0.125,0.525,1.425,0.7,0.275,0.0,0.0,40.0
0x556b,0.0,0.0,0.0,2.3142857142857145,1.8,0.22857142857142854,0.0,1.1714285714285717,0.5428571428571428,0.0,0.5142857142857142,0.7714285714285715,0.0,0.0,0.08571428571428573,0.11428571428571427,0.4571428571428571,1.9428571428571428,1.0,0.0,0.11428571428571427,0.0,35.0
0x656b,0.0,0.0,0.0,3.2777777777777777,1.8148148148148144,0.0,0.0,0.6296296296296295,0.7037037037037037,0.0,0.35185185185185186,0.1851851851851852,0.0,0.07407407407407407,0.0,0.16666666666666666,0.6851851851851851,0.9259259259259258,2.1111111111111107,0.1851851851851852,0.05555555555555555,0.0,27.0
0x9651,0.0,0.0,0.0,0.0,0.0,0.0,0.0,3.0,0.0,0.0,0.0,0.0,0.0,0.0,0.0,0.0,0.0,0.0,0.0,0.0,0.0,0.0,1.0
0xc123,0.0,0.0,0.0,2.5,2.5,0.0,0.0,0.0,0.0,0.0,1.5,0.0,0.0,0.0,0.0,0.0,1.5,2.5,2.5,0.0,0.0,0.0,2.0
0xc163,0.0,0.0,0.0,1.2454545454545454,1.0454545454545456,0.049999999999999996,0.0,0.7606060606060607,0.20606060606060606,0.0,1.240909090909091,0.34545454545454546,0.0,0.23484848484848483,0.17727272727272728,0.4803030303030303,0.6712121212121213,0.4803030303030303,1.9924242424242422,0.0,0.0,0.0,20.666666666666668
0xc169,0.0,0.0,0.0,2.0473602484472053,2.110248447204969,0.7686335403726708,0.0,0.6622670807453417,0.44177018633540366,0.0,0.81444099378882,0.7600931677018634,0.0,0.0,0.8059006211180124,0.2274844720496894,0.45729813664596275,0.6715838509316769,1.7694099378881987,0.08928571428571429,0.07142857142857142,0.0,25.5
0xc16b,0.0,0.0,0.0,1.9276559185292277,1.7627703100826937,0.22638232152175353,0.0,0.8364416190156154,0.4431344159695842,0.005357142857142857,0.8934601051460047,0.32545991395969154,0.0,0.07186274914428611,0.163879766563306,0.3334853901843064,0.516164746762452,0.6800714569326777,2.031423267239544,0.03287518552628113,0.03095849222794216,0.0,25.571428571428573
0xc563,0.0,0.0,0.0,1.6363636363636365,1.0,0.0,0.0,0.8636363636363636,0.4545454545454545,0.0,0.8636363636363636,0.18181818181818185,0.0,0.0,0.18181818181818185,0.2727272727272727,0.8636363636363636,0.5,2.0,0.0,0.0,0.0,22.0
0xc56b,0.0,0.0,0.0,1.8668932369294688,1.357223195484065,0.116906409143728,0.0,1.173584416120648,0.4366927154970633,0.005952380952380952,0.7346953087170479,0.37575739377369805,0.0,0.046295093795093785,0.11164729493533841,0.2804100716781876,0.5716346542614658,0.5385396139019328,1.8981974161774886,0.014228826728826728,0.02148199023199023,0.0,28.125
0xc57b,0.0,0.0,0.0,3.0,2.6666666666666665,0.0,0.0,1.6666666666666667,1.3333333333333333,0.0,1.0,0.0,0.0,0.0,0.0,0.0,1.6666666666666667,0.0,3.0,0.0,1.0,0.0,3.0
0xd028,0.0,0.0,0.0,0.5238095238095238,2.0476190476190474,1.0,0.0,2.238095238095238,0.2380952380952381,0.0,0.3809523809523809,1.2857142857142858,0.0,0.0,0.7142857142857143,0.0,0.9047619047619048,0.8095238095238095,0.7619047619047619,0.0,0.0,0.0,21.0
0xd041,0.0,0.0,0.0,0.38101802757158004,0.7413573700954402,0.5655001767408979,0.0,1.492565099564039,0.3302816071638977,0.0,1.4164133380464239,0.5557440791799223,0.043478260869565216,0.14823848238482384,0.5530222693531283,0.16500530222693532,0.819111582420172,0.3394014374926358,0.5388240838930128,0.07886178861788617,0.043478260869565216,0.0,45.0
0xd043,0.0,0.0,0.0,0.2225705329153605,0.817398119122257,0.5438871473354232,0.0,1.6057993730407523,0.5023510971786834,0.09090909090909093,1.7437304075235107,0.5023510971786834,0.0,0.0,0.5266457680250785,0.2907523510971787,1.4083072100313478,0.42789968652037613,0.6684952978056427,0.0,0.0,0.0,25.5
0xd048,0.0,0.0,0.0,0.37504556545256784,0.938131669459388,0.940055119499074,0.0,1.348463415351148,0.3199282711585384,0.020689655172413793,1.1684360760796073,0.7829895346444424,0.0,0.10804259634888438,0.7930955110679954,0.039350912778904665,0.5327005614839638,0.24583708145927036,0.3385499897110268,0.055889702207719674,0.019607843137254905,0.0,37.8
0xd049,0.0,0.0,0.0,0.5669383689132467,1.1974720862300443,0.9205453019589784,0.0,1.764978049098806,0.4759812003127253,0.00980392156862745,1.218498724487782,0.6964720603935435,0.0,0.08409420621057451,0.6545214501437003,0.16249509214046673,0.6929233067867588,0.3900288146977832,0.7642325791407716,0.10676467125239174,0.07390336691374755,0.0,35.8235294117647
0xd04b,0.0,0.0,0.0,0.5228571428571429,0.8685714285714285,0.5857142857142856,0.0,1.26,0.42,0.0,1.4457142857142857,0.4857142857142857,0.0,0.06,0.28,0.5057142857142857,1.0114285714285713,0.6257142857142857,1.1885714285714286,0.0,0.0,0.0,16.0
0xd04c,0.0,0.0,0.0,0.0,1.2776923076923077,2.4923076923076923,0.0,1.1207692307692307,0.0,0.0,1.4830769230769234,1.4930769230769232,0.0,0.0,2.102307692307692,0.0,0.7646153846153847,0.0,0.0576923076923077,0.0,0.0576923076923077,0.0,25.5
0xd04d,0.0,0.0,0.0,0.08823529411764706,1.3529411764705883,0.9117647058823528,0.0,1.2058823529411764,0.0,0.0,1.2058823529411764,0.9411764705882352,0.0,0.0,0.7647058823529411,0.14705882352941174,0.2058823529411765,0.08823529411764706,0.08823529411764706,0.0,0.0,0.0,34.0
0xd051,0.0,0.0,0.0,0.36,0.72,0.2,0.0,1.72,0.76,0.0,1.0,0.36,0.0,0.44,0.2,0.6,0.36,0.32,1.32,0.0,0.0,0.0,25.0
0xd063,0.0,0.0,0.0,0.8636363636363636,1.2272727272727273,0.18181818181818185,0.0,1.4090909090909092,0.13636363636363635,0.0,0.8181818181818182,0.3636363636363637,0.0,0.5454545454545454,0.0,0.0,0.5,0.7727272727272727,1.181818181818182,0.0,0.0,0.0,22.0
0xd068,0.0,0.0,0.0,0.6281859203174786,1.5334914082341193,0.9315253954613095,0.0,1.6220343166009927,0.11217528895199867,0.0,1.0334786727954948,1.0465513931850998,0.0,0.04193905345590739,0.9511183082869499,0.07236877759528967,0.7747035603261385,0.3385419362170749,0.4078233327194421,0.029591082635823576,0.049047471828253135,0.0,43.166666666666664
0xd069,0.0,0.0,0.0,1.1038720538720541,1.5082090748757415,0.8003126503126503,0.0,1.7606220939554276,0.3256774090107424,0.0,1.013596280262947,0.7909090909090908,0.0,0.06184062850729518,0.6623777457110791,0.19229597562930897,0.7828443161776495,0.6955106621773288,0.925388808722142,0.09294532627865963,0.05319865319865321,0.0,31.444444444444443
0xd06a,0.0,0.0,0.0,0.8636363636363636,1.7272727272727273,0.5,0.0,1.4090909090909092,0.2272727272727273,0.0,1.0,1.0909090909090908,0.0,0.2727272727272727,0.6363636363636364,0.2272727272727273,0.8181818181818182,0.4545454545454545,1.5909090909090908,0.0,0.0,0.0,22.0
0xd06b,0.0,0.0,0.0,1.026031746031746,1.0351984126984126,0.5081349206349206,0.0,1.469424603174603,0.2794047619047619,0.0,0.7241666666666666,0.36081349206349206,0.0,0.09375,0.26873015873015876,0.27444444444444444,0.65,0.7176785714285714,1.080654761904762,0.02666666666666667,0.0,0.0,26.0
0xd101,0.0,0.0,0.0,0.42857142857142855,1.4285714285714286,0.6,0.0,1.8571428571428568,0.08571428571428573,0.0,1.8857142857142857,0.8857142857142857,0.0,0.0,0.6,0.0,0.9142857142857144,0.42857142857142855,0.14285714285714285,0.2571428571428571,0.0,0.0,35.0
0xd103,0.0,0.0,0.0,0.30876095449266183,1.1918815331010453,0.5281612290148876,0.0,1.1608404603526554,0.09296747967479677,0.07136363636363637,2.00217242107486,0.6586395312005069,0.0,0.05099778270509978,0.42863530778164927,0.02,1.3289029669517476,0.24043501214232924,0.32965051208953644,0.14563404075599196,0.1183613134832647,0.0,29.6
0xd109,0.0,0.0,0.0,0.75,2.0,0.8,0.0,1.35,0.55,0.0,2.0,0.55,0.0,0.0,0.65,0.0,1.25,0.45,0.15,0.2,0.25,0.0,20.0
0xd123,0.0,0.0,0.0,0.6384538987219601,1.4327071560889801,0.4371524307663569,0.0,1.2464997898472892,0.14642320085929109,0.018571428571428572,1.5088001836890363,0.485972228708417,0.0,0.0,0.37819307585734524,0.021278195488721806,1.1925142047665747,0.3678193932035056,0.5006474260184623,0.18643129563038027,0.19805834461931227,0.0,36.285714285714285
0xd12b,0.0,0.0,0.0,0.6111111111111112,1.3333333333333333,0.6388888888888888,0.0,1.4722222222222223,0.16666666666666666,0.0,1.5277777777777777,0.6944444444444444,0.0,0.0,0.5,0.0,1.1111111111111112,0.4722222222222222,0.3333333333333333,0.0,0.08333333333333333,0.0,36.0
0xd141,0.0,0.0,0.0,0.5394219527986203,0.9595105644180375,0.5871331295428892,0.0,1.302209836772564,0.4185799028798588,0.021104026815196488,1.7459085829378023,0.5157334015160395,0.0,0.14525900099405306,0.6397582075965367,0.11617390177272535,0.8274405417236419,0.27056789498736616,0.6109099409933787,0.21611657731246617,0.11623232454532288,0.0,45.675
0xd143,0.0,0.0,0.0,0.8605868199932826,0.9794112307226812,0.3372440544605285,0.0,1.1180239972235866,0.5401421889725648,0.01474860075167678,1.9800180562019472,0.320701344971503,0.003995774999701079,0.13258212786204215,0.3247598592270957,0.16951547695554772,0.9199543009212162,0.39691083030739516,1.094488700766114,0.29744190968990825,0.1592597574600782,0.0,52.523310023310025
0xd147,0.0,0.0,0.0,0.0,0.6190476190476191,0.42857142857142855,0.0,1.0952380952380951,0.19047619047619047,0.09523809523809523,2.4761904761904763,0.7619047619047619,0.0,0.19047619047619047,0.2857142857142857,0.0,0.6190476190476191,0.14285714285714285,0.3333333333333333,0.0,0.19047619047619047,0.0,21.0
0xd148,0.0,0.0,0.0,0.5839815410953267,1.2520920040486598,1.3530203151972817,0.0,1.0609062697030849,0.3905101669974135,0.0447880565182618,1.3030586825197508,0.910371875311614,0.0,0.1122051372051372,1.118256270373814,0.019762845849802372,0.7737992863091008,0.26876949674617057,0.47324627261412994,0.1033250388089098,0.0578039078039078,0.0,31.181818181818183
0xd149,0.0,0.0,0.0,0.9115933470956887,1.3202808938831536,0.6625448835697635,0.0,1.3081524374524567,0.6574770733556585,0.011934947007330811,1.503223683111801,0.5084319445560647,0.0008178374655647384,0.11327198751326348,0.5374785929809425,0.12586801104837822,0.6434057652219224,0.36857953268620186,1.0081361835653884,0.2010988135625702,0.17602222757369748,0.0,34.833333333333336
0xd14b,0.0,0.0,0.0,1.2282252741035027,1.3410779233516492,0.4186185480950913,0.0,1.170071850950501,0.7016020050391776,0.007601287086808596,1.5891409245602763,0.3268742666057434,0.0009904948057251682,0.11688915887965579,0.36290025511291835,0.1508388032012744,0.6765050406235176,0.5247184264545212,1.3756904459963035,0.26770882788331907,0.17300031362264326,0.0,35.7311320754717
0xd14c,0.0,0.0,0.0,0.06666666666666667,1.8020833333333333,1.0791666666666666,0.0,1.3374999999999997,0.024999999999999998,0.0,1.5791666666666666,1.1166666666666665,0.0,0.0,1.0645833333333334,0.03333333333333333,0.5625,0.15208333333333332,0.06666666666666667,0.075,0.041666666666666664,0.0,37.333333333333336
0xd14d,0.0,0.0,0.0,0.0,1.3636363636363635,1.2272727272727273,0.0,0.9090909090909092,0.0,0.0,2.0,0.9090909090909092,0.0,0.0,1.0454545454545454,0.0,0.8181818181818182,0.0,0.3636363636363637,0.0,0.18181818181818185,0.0,22.0
0xd153,0.0,0.0,0.0,0.6428571428571429,0.8571428571428571,0.17857142857142858,0.0,1.5357142857142858,0.9285714285714286,0.0,1.4285714285714286,0.32142857142857145,0.0,0.35714285714285715,0.0,0.6428571428571429,0.9285714285714286,0.14285714285714285,1.6071428571428572,0.0,0.07142857142857142,0.0,28.0
0xd159,0.0,0.0,0.0,0.9594356261022928,1.3915343915343916,0.2980599647266314,0.0,1.292768959435626,0.9400352733686065,0.0,0.9611992945326278,0.2839506172839506,0.0,0.25396825396825395,0.19929453262786598,0.23456790123456792,0.27336860670194,0.6966490299823634,1.1216931216931216,0.024691358024691357,0.24691358024691357,0.0,25.0
0xd15b,0.0,0.0,0.0,1.2123590982286634,1.0821256038647344,0.25885668276972623,0.0,1.3878824476650564,1.1209742351046699,0.0,1.4303542673107892,0.19162640901771336,0.0,0.07407407407407407,0.3144122383252818,0.42612721417069244,0.7626811594202899,0.47826086956521746,1.6513687600644122,0.0462962962962963,0.27334943639291465,0.0,27.666666666666668
0xd160,0.0,0.0,0.0,0.6111111111111112,1.148148148148148,0.8148148148148148,0.0,1.3888888888888888,0.12962962962962962,0.0,1.7222222222222223,0.9629629629629628,0.0,0.2222222222222222,0.6851851851851852,0.05555555555555555,1.1666666666666667,0.3703703703703704,0.5370370370370371,0.2037037037037037,0.16666666666666666,0.0,54.0
0xd161,0.0,0.0,0.0,0.701155070733384,1.207354643800427,0.5134456745902529,0.0,1.2343075002713557,0.2237092514200948,0.009009009009009009,1.4535773725532761,0.5861246788957633,0.017369477911646586,0.07240583957451427,0.7227613155324,0.2033458156952133,0.9608732226202106,0.36230145808459063,0.3721724736784978,0.23615995513585877,0.09831578566518326,0.0,80.25
0xd162,0.0,0.0,0.0,1.7738095238095235,1.3333333333333333,0.16666666666666666,0.0,0.9523809523809524,0.32142857142857145,0.0,0.6904761904761905,0.5714285714285714,0.0,1.130952380952381,0.27380952380952384,0.3333333333333333,0.5357142857142857,1.25,1.4285714285714286,0.08333333333333333,0.0,0.0,84.0
0xd163,0.0,0.0,0.0,1.2937652644226147,1.2022023642243134,0.267501470016604,0.0,1.0579429060661631,0.41935982673512806,0.01001731389396941,1.5907635958113133,0.36391392637664605,0.0036440885534194997,0.16784618663799086,0.26390008322185593,0.19230114697268857,0.897980890773895,0.6129740478437201,1.1559607741823825,0.24281774765719258,0.15154172862252488,0.0,63.54225352112676
0xd168,0.0,0.0,0.0,1.0833107190792202,1.6876760213572357,0.9028125855450332,0.0,1.3367147295041033,0.44814704587000603,0.02409921233450645,0.9617213835430154,0.9728767858748881,0.0,0.20476875363023372,0.8146647048924089,0.08051871875401287,0.6304077291743326,0.5536287452795992,0.6961310774403755,0.06907592372488007,0.08630026239134396,0.0,30.176470588235293
0xd169,0.0,0.0,0.0,1.2804863582495492,1.5596781264864426,0.5959799855874793,0.0,1.3279193810236454,0.5160850447799448,0.00747546607674867,1.1639455159789676,0.6081385181573669,0.000706966124085153,0.09649300396117896,0.49005736343146483,0.1442477908270489,0.6142367155793325,0.5525934043416876,0.9602827311230572,0.14268387993099965,0.1816195132126541,0.0,39.89261744966443
0xd16a,0.0,0.0,0.0,1.3942307692307692,1.6942307692307692,0.523076923076923,0.0,0.873076923076923,0.175,0.0,0.6192307692307693,0.48846153846153845,0.0,0.6480769230769231,0.37115384615384617,0.07692307692307693,0.8115384615384615,1.0038461538461538,1.0923076923076924,0.0,0.0,0.0,23.0
0xd16b,0.0,0.0,0.0,1.539668524486107,1.4779075289445405,0.36441990277343683,0.0,1.1204743125330134,0.5500792700788433,0.004081583858456988,1.3308242882101737,0.3974858582204941,0.001291232751803205,0.1014689256940416,0.3097242220076877,0.18018585766840367,0.6979071366449414,0.6706816779689954,1.3779820717687385,0.20693228373016842,0.16114415281933797,0.0,43.15317286652079
0xd241,0.0,0.0,0.0,0.03970588235294118,0.6730392156862746,0.7848039215686274,0.0,1.9397058823529412,0.4612745098039216,0.0,1.9779411764705883,0.6401960784313725,0.0,0.07745098039215687,0.596078431372549,0.23480392156862745,1.003921568627451,0.20588235294117646,0.1950980392156863,0.24754901960784312,0.03333333333333334,0.0,47.0
0xd243,0.0,0.0,0.0,0.30877742946708464,0.6003134796238244,0.29310344827586204,0.0,1.7194357366771158,0.6238244514106583,0.0,1.9952978056426331,0.5156739811912225,0.0,0.4341692789968652,0.13793103448275862,0.44043887147335425,0.7727272727272727,0.49686520376175547,1.4326018808777432,0.08620689655172414,0.0,0.0,20.0
0xd303,0.0,0.0,0.0,0.2707255757940689,0.5533719704952581,0.23084299262381452,0.0,1.1433413618345125,0.3178057102714637,0.15293040293040291,2.970619699934768,0.29193737769080236,0.0,0.050156555772994126,0.13143007677254254,0.11480756686236139,1.7276973255055448,0.13553816046966732,0.17692759295499022,0.1978548848411862,0.14737267298911136,0.0,28.0
0xd323,0.0,0.0,0.0,0.5,1.7222222222222223,0.2222222222222222,0.0,1.5555555555555556,0.0,0.0,2.555555555555556,0.3888888888888889,0.0,0.0,0.0,0.0,2.1666666666666665,0.5,0.6666666666666666,0.0,0.2777777777777778,0.0,18.0
0xd329,0.0,0.0,0.0,0.4516129032258064,1.4516129032258065,0.3225806451612903,0.0,2.064516129032258,0.0967741935483871,0.0,1.0,0.41935483870967744,0.0,0.0,0.16129032258064516,0.03225806451612903,0.5161290322580645,0.1935483870967742,0.2258064516129032,0.0,0.25806451612903225,0.0,31.0
0xd341,0.0,0.0,0.0,0.42035411421342045,0.7913834068010912,0.49299175665565503,0.0,1.5815240298972586,0.49151244890375323,0.03787878787878788,1.7341196072559046,0.4464533121983049,0.0046816479400749065,0.1855725303844503,0.31949651716139255,0.176526290297663,0.7434012592195298,0.244765117637614,0.3986674873191727,0.16578643524417827,0.10064497137775107,0.0,51.666666666666664
0xd343,0.0,0.0,0.0,0.5463940464884577,0.6024424754287583,0.21145586581062284,0.0,1.1823308510293917,0.4758860368939547,0.03547014641501791,2.262157103867133,0.24957506660342113,0.012112186068527993,0.12793588570450617,0.1913709188051927,0.18386748031435074,0.9973973821507908,0.2821436217186377,0.7328369831408517,0.20805518775494058,0.14196955096600347,0.0,75.53768844221105
0xd349,0.0,0.0,0.0,0.4534542705971278,0.783411438649534,0.476079617031998,0.0,1.6157016880826405,0.4689543965734442,0.05333333333333334,1.8604887881078358,0.4460065507684556,0.0,0.2021768707482993,0.278941798941799,0.4316452506928698,0.48688334593096494,0.21913832199546487,0.6089594356261023,0.12992693373645756,0.2236331569664903,0.0,33.666666666666664
0xd34b,0.0,0.0,0.0,1.0952380952380951,1.0952380952380951,0.6666666666666666,0.0,2.1904761904761907,0.8571428571428571,0.0,1.6666666666666667,0.19047619047619047,0.0,0.19047619047619047,0.0,0.42857142857142855,1.238095238095238,0.19047619047619047,1.3333333333333333,0.0,0.0,0.0,21.0
0xd351,0.0,0.0,0.0,0.6857142857142857,0.8142857142857143,0.3,0.0,1.4,0.5571428571428572,0.0,1.0,0.24285714285714285,0.0,0.42857142857142855,0.14285714285714285,0.18571428571428567,0.4142857142857143,0.5428571428571428,0.7285714285714285,0.0,0.12857142857142856,0.0,70.0
0xd353,0.0,0.0,0.0,0.4434782608695652,0.4230218224221223,0.06038647342995169,0.0,1.2741073907490699,0.8454522738630685,0.0462962962962963,2.3197345771558666,0.09614637125881503,0.022222222222222223,0.19137098117607865,0.03260869565217391,0.29936698317507915,1.166011438725082,0.1984674329501916,0.9641984563273918,0.06709145427286356,0.33057082569826196,0.0,31.0
0xd359,0.0,0.0,0.0,0.4186046511627907,0.5348837209302325,0.3953488372093023,0.0,1.5813953488372092,0.627906976744186,0.0,1.5813953488372092,0.18604651162790695,0.0,0.04651162790697674,0.02325581395348837,0.2558139534883721,0.5581395348837209,0.16279069767441862,0.5581395348837209,0.04651162790697674,0.13953488372093026,0.0,43.0
0xd363,0.0,0.0,0.0,1.1248769847446651,1.0217705274873017,0.2523102373409895,0.0,1.1963986936729023,0.4168319540188744,0.027578766156975756,1.7231618550397985,0.28374625492861766,0.0,0.17996563032581922,0.19742272814185285,0.16178075330655484,0.8899964337684932,0.6291068239599431,0.6770193789808302,0.2369797788032151,0.20687894773801513,0.0,55.36363636363637
0xd369,0.0,0.0,0.0,1.2124505928853755,1.314229249011858,0.8013833992094861,0.0,2.0701581027667983,0.5345849802371542,0.0,1.1818181818181817,0.6472332015810276,0.0,0.30928853754940716,0.5790513833992095,0.0,0.6966403162055336,0.6788537549407114,0.5098814229249011,0.06521739130434782,0.18181818181818185,0.0,22.5
0xd36b,0.0,0.0,0.0,1.266935275455501,1.0492534863269591,0.22940690218483287,0.0,1.334745663384904,0.5970687262858424,0.009041591320072331,1.3602878858692011,0.29881174416810075,0.007233273056057866,0.18922722057697292,0.11577268114486057,0.1790030517190671,0.5628807186973119,0.6476281838486021,0.9444584035840228,0.09967473566813137,0.26612604575249044,0.0,51.57142857142857
0xd400,0.0,0.0,0.0,0.4339622641509434,1.5849056603773586,0.5660377358490566,0.0,2.490566037735849,0.22641509433962265,0.09433962264150944,1.4716981132075468,0.9433962264150944,0.0,0.07547169811320754,0.4716981132075472,0.0,0.9433962264150944,0.2641509433962264,0.2641509433962264,0.0,0.0,0.0,53.0
0xd402,0.0,0.0,0.0,0.5151515151515151,1.0909090909090908,0.4848484848484849,0.0,1.7575757575757576,0.3636363636363637,0.0,1.4848484848484849,0.9090909090909092,0.0,0.0,0.4848484848484849,0.0,1.1515151515151516,0.21212121212121213,0.5151515151515151,0.09090909090909093,0.0,0.0,33.0
0xd420,0.0,0.0,0.0,0.4666666666666667,1.2,1.0666666666666669,0.0,1.7333333333333334,0.2,0.0,1.5333333333333334,1.2,0.0,0.0,1.0,0.0,1.8666666666666667,0.2,0.4666666666666667,0.3333333333333333,0.0,0.0,15.0
0xd423,0.0,0.0,0.0,0.5282051282051282,1.05,0.40897435897435896,0.0,1.396153846153846,0.038461538461538464,0.0,1.6217948717948718,0.632051282051282,0.0,0.038461538461538464,0.28205128205128205,0.08846153846153847,1.3846153846153846,0.6935897435897436,0.5794871794871794,0.15256410256410258,0.11666666666666665,0.0,34.5
0xd428,0.0,0.0,0.0,0.8922413793103448,1.6460129310344827,0.5285560344827587,0.0,1.9358836206896552,0.2413793103448276,0.0,0.8857758620689654,1.0905172413793105,0.0,0.0,0.5506465517241379,0.0,0.8151939655172413,0.6196120689655172,0.7198275862068966,0.06896551724137931,0.05172413793103448,0.0,30.5
0xd42a,0.0,0.0,0.0,0.8333333333333334,1.6666666666666667,0.8333333333333334,0.0,1.6666666666666667,0.3333333333333333,0.0,1.5,1.3333333333333333,0.0,0.0,0.5,0.0,1.5,0.8333333333333334,0.8333333333333334,0.0,0.0,0.0,6.0
0xd440,0.0,0.0,0.0,0.4767219387755102,0.8467793367346939,0.6127232142857143,0.0,1.6894132653061225,0.3470982142857143,0.07142857142857142,1.4295280612244898,0.8738839285714286,0.0,0.14285714285714285,0.7815688775510203,0.11591198979591837,0.7136479591836735,0.5025510204081632,0.4923469387755102,0.10873724489795919,0.1171875,0.0,56.5
0xd441,0.0,0.0,0.0,0.5760652301189938,0.8772483001809981,0.5066612677598371,0.0,1.8638965994205698,0.44025072621463573,0.028719832202347254,1.4481111617069544,0.5952716351592408,0.0010964912280701754,0.0946290647707916,0.5870604429272401,0.13033383711494156,0.9519564411784533,0.3275605309689565,0.8366991508297121,0.16107947826360608,0.0568946579343693,0.0,60.666666666666664
0xd443,0.0,0.0,0.0,0.6880899319240835,0.7474275498237933,0.36509394511389204,0.0,1.6701105779364154,0.49439271892723713,0.0038277511961722485,1.4484451509621343,0.4817281474020648,0.003947368421052632,0.10083979434323445,0.3739574337902272,0.2070730081399906,1.0118721848797048,0.39709512388813534,1.3623839505880626,0.07393101273250015,0.02336589802264859,0.0,30.94736842105263
0xd448,0.0,0.0,0.0,0.5348906858340822,0.7784366576819407,0.7122491764001198,0.0,1.6833183587900569,0.47199760407307584,0.0,1.0827193770589998,0.759508834980533,0.0,0.0440251572327044,0.6714585205151242,0.0,0.6710392333033842,0.24384546271338725,0.4645702306079665,0.16471997604073074,0.0853548966756514,0.0,36.333333333333336
0xd449,0.0,0.0,0.0,0.7089420217271823,0.9794848163951156,0.5830921062870121,0.0,1.863346186214403,0.4955872350612108,0.010044893378226711,1.2048571906102363,0.6452106061851356,0.0,0.08062058038248515,0.4572630159894833,0.11791127538635844,0.7091523124856458,0.3205587322087876,0.9074332713147775,0.09925871953557447,0.07579731246397912,0.0,35.6
0xd44b,0.0,0.0,0.0,0.839471106845127,0.8301934801542864,0.3645764455464903,0.0,1.7311226203807395,0.6085015064256385,0.01773049645390071,1.077553991361382,0.434780324037043,0.0062499999999999995,0.13659823317158143,0.2717712721520112,0.21453889599886242,0.6675731438525391,0.5463477176985015,1.3130330258269787,0.09144081391421817,0.02291666666666667,0.0,37.0
0xd451,0.0,0.0,0.0,0.6666666666666666,0.5833333333333334,0.2777777777777778,0.0,1.8888888888888888,1.1111111111111112,0.0,1.3888888888888888,0.4444444444444444,0.0,0.1111111111111111,0.3888888888888889,0.3611111111111111,0.6666666666666666,0.4722222222222222,1.5,0.1388888888888889,0.08333333333333333,0.0,36.0
0xd459,0.0,0.0,0.0,0.7142857142857143,0.8095238095238095,0.5714285714285714,0.0,1.8571428571428568,1.0952380952380951,0.0,0.7142857142857143,0.5714285714285714,0.0,0.0,0.3333333333333333,0.6190476190476191,0.7142857142857143,0.3333333333333333,1.809523809523809,0.0,0.0,0.0,21.0
0xd460,0.0,0.0,0.0,1.0952380952380951,1.4761904761904765,0.4523809523809524,0.0,2.238095238095238,0.4047619047619048,0.0,0.9047619047619048,0.5952380952380952,0.0,0.6428571428571429,0.4761904761904762,0.0,0.5952380952380952,0.6666666666666666,1.1428571428571428,0.0,0.0,0.0,42.0
0xd461,0.0,0.0,0.0,0.6037735849056604,0.9056603773584906,0.5471698113207547,0.0,1.5849056603773586,0.3018867924528302,0.0,1.1132075471698113,0.6226415094339622,0.0,0.03773584905660377,0.4716981132075472,0.07547169811320754,0.981132075471698,0.4528301886792453,0.37735849056603776,0.1509433962264151,0.07547169811320754,0.0,53.0
0xd462,0.0,0.0,0.0,0.9414329631720936,1.0193729665779354,0.4837953626773503,0.0,1.665497028851066,0.09923099674652469,0.05664004732327713,1.2057935163525226,0.8605711059127209,0.0,0.10122968818620992,0.6113172541743971,0.09044750970216808,1.2587229885366533,0.38511109318562736,1.0118442633970586,0.05664004732327713,0.0,0.0,42.666666666666664
0xd463,0.0,0.0,0.0,0.9815015136233384,0.9487422174788464,0.2284520490255728,0.0,1.6408382911022816,0.2615491890256773,0.006277781635280803,0.9834218835872455,0.48006914348905255,0.0,0.1184088751696564,0.24814046029356884,0.2535663039737179,0.9661992776460503,0.519960462927472,1.3159650561979221,0.022089086325585258,0.011326175210445247,0.0,35.16129032258065
0xd468,0.0,0.0,0.0,0.9166543670160691,1.3435056609828337,0.7278156000836744,0.0,1.8664651936950487,0.32065399000637507,0.010351966873706004,0.834831003772379,0.9764208821005386,0.0,0.07705818961659969,0.6416314636418043,0.06474979342025475,0.7313131567468175,0.4441745773269436,0.6424569225221111,0.06999884483298902,0.05754431867213821,0.0,39.666666666666664
0xd469,0.0,0.0,0.0,1.0196997073986886,1.187735719255181,0.4825031505897213,0.0,1.8257264544185279,0.41037022265760764,0.018580268234418437,0.8212155558963165,0.679827457520147,0.0010725010725010724,0.05851399710651277,0.45388428889661175,0.15476978927210613,0.6603110597727704,0.4886465809018383,0.9351815463856535,0.06854238042591594,0.03909095791521114,0.0,46.648648648648646
0xd46a,0.0,0.0,0.0,1.1773809523809524,1.4964285714285714,0.4607142857142857,0.0,1.4892857142857143,0.1488095238095238,0.0,0.6047619047619048,0.9761904761904763,0.0,0.0,0.5857142857142856,0.0,0.9464285714285714,0.6404761904761904,1.2547619047619047,0.0,0.0,0.0,20.5
0xd46b,0.0,0.0,0.0,1.1482089070649975,1.156284387739834,0.26440931710309484,0.0,1.7053622322980555,0.3599689871599254,0.004888653234358431,0.7020925522442687,0.5891539923971475,0.005192065130145625,0.07248015928922195,0.234828936334749,0.2687790066597475,0.7117468776175493,0.62351178003602,1.4157805097640574,0.004070821731991147,0.0,0.0,28.14
0xd503,0.0,0.0,0.0,0.24917582417582418,0.8200366300366301,0.40829670329670326,0.0,1.2342216117216118,0.08190476190476191,0.08846153846153847,1.948095238095238,0.5053388278388279,0.0,0.0,0.3477197802197802,0.05,1.5119505494505496,0.10821428571428571,0.548452380952381,0.2806959706959707,0.1356959706959707,0.0,23.0
0xd520,0.0,0.0,0.0,0.8214285714285714,1.2857142857142858,0.5892857142857143,0.0,1.6071428571428572,0.19642857142857145,0.0,1.7678571428571428,0.9821428571428572,0.0,0.07142857142857142,1.0714285714285714,0.0,1.2142857142857142,0.5178571428571429,0.19642857142857145,0.35714285714285715,0.14285714285714285,0.0,56.0
0xd523,0.0,0.0,0.0,1.2565716974227612,1.568141826546082,0.1845836164985101,0.0,1.6686240786240787,0.30872209733911865,0.0,1.4877714464948506,0.5022458047989964,0.0,0.03404255319148936,0.2099221077944482,0.03536515238642899,1.6326504260546817,0.73514715876418,1.1520560405666789,0.1638067855089132,0.16516388729154688,0.0,34.0
0xd529,0.0,0.0,0.0,1.4090909090909092,1.7272727272727273,0.18181818181818185,0.0,1.681818181818182,0.3636363636363637,0.0,0.5454545454545454,0.4545454545454545,0.0,0.0,0.0,0.0,0.5454545454545454,0.3636363636363637,0.4090909090909091,0.0,0.13636363636363635,0.0,22.0
0xd540,0.0,0.0,0.0,0.4545454545454545,0.4545454545454545,0.4545454545454545,0.0,1.2272727272727273,0.5,0.18181818181818185,1.318181818181818,0.5454545454545454,0.0,0.18181818181818185,0.5454545454545454,0.0,0.6818181818181818,0.18181818181818185,0.4545454545454545,0.09090909090909093,0.13636363636363635,0.0,22.0
0xd541,0.0,0.0,0.0,0.6605485388667381,0.8628860690461646,0.48495091300861437,0.0,1.6238658177601584,0.6136005866765801,0.019960387694900973,1.6075530550897341,0.5348277782108907,0.006190152030859994,0.13340658225744784,0.5492021657362476,0.1494161933273211,0.8995311236201355,0.21437605028284057,0.8981115618599839,0.26527357993878253,0.12433044444038584,0.0,53.56
0xd542,0.0,0.0,0.0,0.7047619047619047,1.0106227106227106,0.5333333333333333,0.0,1.1728937728937727,0.604029304029304,0.0,1.575824175824176,0.7509157509157509,0.0,0.24981684981684982,0.641025641025641,0.038461538461538464,1.312087912087912,0.24835164835164839,0.9904761904761905,0.20366300366300366,0.04615384615384616,0.0,43.0
0xd543,0.0,0.0,0.0,1.032896907522735,0.871213830067436,0.257799096098139,0.0,1.3480649413004389,0.6151142940622978,0.007295633487794919,1.708682619304937,0.33215127273669437,0.0027193009990472,0.10278324975587723,0.25801813935186124,0.16859783430763983,0.9701122615926995,0.38811397076588644,1.2944844434040137,0.2940452880103827,0.1420119417317968,0.0,57.378632478632476
0xd549,0.0,0.0,0.0,1.0072219654408234,1.0817951084453825,0.4768939607817879,0.0,1.6737833715967787,0.7653553079548775,0.010298688619278733,1.3479701504913766,0.5178252835961268,0.0,0.08221112605215443,0.39831150632475343,0.1039142042518273,0.7282217993824445,0.30544935351554486,1.1277327481945667,0.25166231815099105,0.16149182158844239,0.0,41.15
0xd54b,0.0,0.0,0.0,1.1950412807383533,1.0180833117421526,0.327255870906111,0.0,1.412864403188732,0.7270929726838062,0.00503115181793977,1.403784336649513,0.38639011373492116,0.002432779967779074,0.0785008607339856,0.293978429428141,0.17200522718102884,0.7523057300186424,0.44358134359980284,1.376735512716943,0.24793796176259475,0.13807503382007938,0.0,49.114285714285714
0xd553,0.0,0.0,0.0,0.7910003331667499,0.7933075129102115,0.06463018490754623,0.0,1.4758995502248875,0.8355530568049309,0.0,1.2416125270697984,0.1310553056804931,0.0,0.12161835748792271,0.08963018490754623,0.3243128435782109,0.7247417957687823,0.3155672163918041,1.3837497917707813,0.14328668998833916,0.13126769948359154,0.0,37.5
0xd559,0.0,0.0,0.0,1.0760536398467433,1.071743295019157,0.26896551724137935,0.0,1.8362068965517242,1.1467432950191572,0.06944444444444443,0.8484674329501916,0.22289272030651341,0.0,0.0,0.26178160919540233,0.11264367816091954,0.6683908045977013,0.17049808429118773,1.400574712643678,0.08764367816091954,0.12097701149425288,0.0,24.333333333333332
0xd560,0.0,0.0,0.0,0.4,0.7666666666666667,0.8666666666666667,0.0,1.3,0.13333333333333333,0.0,1.6,0.7666666666666667,0.0,0.0,0.8666666666666667,0.0,1.5333333333333334,0.0,0.2333333333333333,0.13333333333333333,0.1,0.0,30.0
0xd561,0.0,0.0,0.0,0.9307911590510659,1.1571260013307674,0.44264811399220466,0.0,1.6831647826280156,0.3430060594154307,0.007191808112200175,1.329646028030908,0.6198082439889846,0.011739453042187832,0.10494180535109085,0.5217098355116561,0.11907181395190733,0.9391558887306711,0.45533270584116714,0.639135651486377,0.18641761171746393,0.17484563346198806,0.0,106.625
0xd562,0.0,0.0,0.0,1.1018712470325374,1.3697109342270632,0.16422287390029328,0.0,1.1815388912163105,0.18768328445747798,0.03225806451612903,0.7601591956430666,0.8255131964809385,0.0,0.3975003491132523,0.4084625052366988,0.02150537634408602,0.615696131825164,0.39966485127775453,1.4868035190615834,0.0,0.0,0.0,20.0
0xd563,0.0,0.0,0.0,1.3288738049629767,1.0421882339203083,0.22156113140990075,0.0,1.33011724831868,0.510837086211568,0.003594890176578416,1.4520109230215266,0.37422151611864257,0.0015419222238021524,0.10512730239592248,0.22354772934814254,0.16675255534917888,0.9609334464588716,0.5144700520686319,1.2859847021175743,0.24227342753389106,0.15052733906808788,0.0,64.15895953757226
0xd568,0.0,0.0,0.0,1.1833271932409863,1.2729097078953402,0.5583832727510888,0.0,1.5067322019189835,0.5405780282935455,0.0,0.989139199986901,0.8604402036873302,0.0,0.10636277302943971,0.49380096276648006,0.04243827160493827,0.8221045371189049,0.27653031568261455,0.7760184366506206,0.1331855617775158,0.1549108458591217,0.0,47.833333333333336
0xd569,0.0,0.0,0.0,1.3470418620788749,1.2302075735278277,0.462576018088949,0.0,1.6111300867899427,0.5701198274934556,0.005681011919717926,1.0686501086691813,0.6064382208164281,0.0006601610025565962,0.0745675716032647,0.4033879547947895,0.11654724057894517,0.6839800236487922,0.4930183204023993,1.0048638364907212,0.16433277311430478,0.1562403034297896,0.0,60.52991452991453
0xd56b,0.0,0.0,0.0,1.5315122127855374,1.196567930484806,0.2731517585831127,0.0,1.3908648506124077,0.5814136618022038,0.003096778087482916,1.1770771739063344,0.42898757044938735,0.0008867193263663649,0.08839285482838188,0.24610849774961696,0.16923392662549674,0.767139495511139,0.5636964674818045,1.3528302657195852,0.18298809954510925,0.13487118388493868,0.0,56.686619718309856
0xd573,0.0,0.0,0.0,1.3823529411764706,1.10609243697479,0.0,0.0,1.691176470588235,0.8256302521008403,0.0,1.0766806722689077,0.0976890756302521,0.0,0.11554621848739496,0.0,0.24894957983193278,0.9789915966386554,0.5882352941176471,1.7342436974789917,0.1323529411764706,0.19117647058823528,0.0,31.0
0xd579,0.0,0.0,0.0,1.5053586027499073,1.267034559643255,0.17023411371237457,0.0,1.7772185061315497,0.8392827945001857,0.0,0.7076124117428465,0.4254403567447046,0.03333333333333333,0.11719806763285023,0.22260126347082868,0.29289483463396504,0.4078390932738759,0.6061036789297659,1.255317725752508,0.02,0.15014492753623188,0.0,31.0
0xd57b,0.0,0.0,0.0,1.4707556935817805,1.130235794801012,0.11412698412698412,0.0,1.6583321831147917,0.9596112261329652,0.0,0.9019461697722566,0.20632505175983434,0.0,0.08166666666666667,0.11412698412698412,0.16229813664596274,0.7325534851621808,0.4817161260639522,1.5681918564527257,0.07588566827697263,0.16729008511617205,0.0,24.4
0xd600,0.0,0.0,0.0,0.28125,0.953125,0.6732954545454546,0.0,2.7428977272727275,0.21875,0.0,1.0951704545454546,0.5071022727272727,0.0,0.22301136363636365,0.6193181818181819,0.0,1.659090909090909,0.06818181818181818,0.3338068181818182,0.0,0.046875,0.0,27.0
0xd601,0.0,0.0,0.0,0.1772875816993464,0.9546451914098973,0.3895658263305322,0.0,2.3756302521008403,0.10767973856209151,0.0,1.260667600373483,0.5073996265172737,0.0,0.03447712418300653,0.4181372549019608,0.10291783380018675,1.1182306255835668,0.16774042950513537,0.19264705882352942,0.0,0.08095238095238096,0.0,42.0
0xd602,0.0,0.0,0.0,0.19047619047619047,0.7142857142857143,0.5476190476190477,0.0,1.761904761904762,0.14285714285714285,0.07142857142857142,1.6666666666666667,0.8095238095238095,0.0,0.07142857142857142,0.8095238095238095,0.09523809523809523,1.5952380952380951,0.21428571428571427,0.2857142857142857,0.2380952380952381,0.0,0.0,42.0
0xd603,0.0,0.0,0.0,0.35339565031772535,0.4923913969784958,0.2690371777023399,0.0,2.0270265361736204,0.21446522461836387,0.01163054809111756,1.899137445450453,0.37579039145078397,0.0035007416825598645,0.06102058096925687,0.2702710404730034,0.04336547780194508,1.6754935122547772,0.17116405785429434,0.43195461430233306,0.1394446288437372,0.05964521534311315,0.0,51.05128205128205
0xd609,0.0,0.0,0.0,0.425531914893617,1.25531914893617,0.4680851063829787,0.0,2.234042553191489,0.2978723404255319,0.0425531914893617,1.4468085106382982,0.5957446808510638,0.0,0.0,0.2127659574468085,0.10638297872340426,0.9361702127659576,0.23404255319148934,0.14893617021276595,0.10638297872340426,0.1914893617021277,0.0,47.0
0xd611,0.0,0.0,0.0,0.3949423680278286,0.48264434418707447,0.017316017316017316,0.0,3.0740162846156185,0.40192134601124613,0.04206485338560811,0.9872277956351208,0.27035096485706916,0.0,0.056324902745546475,0.062229437229437225,0.03847436630455498,0.9579883983324603,0.1592304446078031,0.4074349007756333,0.05135387488328665,0.18516182916848845,0.0,63.333333333333336
0xd613,0.0,0.0,0.0,0.3726351281128604,0.4597013397487495,0.044444444444444446,0.0,2.7482943008308083,0.42068749331369926,0.0,1.3633516416405935,0.16767190650169375,0.0,0.03143996960486322,0.0656084656084656,0.0,1.4680086501424217,0.21829672124785773,0.48518147057363387,0.07912234042553191,0.1396925345699629,0.0,28.428571428571427
0xd620,0.0,0.0,0.0,0.6811167040902774,0.8915558645794045,0.48248613211415786,0.0,2.2738625307995726,0.2148137132564181,0.0,0.9598226402856649,0.6469602422605977,0.0,0.0043859649122807015,0.44967467308684284,0.010548523206751053,1.1925948250842766,0.17696899891547901,0.3241615378107716,0.12252506265664159,0.13295148913070298,0.0,44.166666666666664
0xd621,0.0,0.0,0.0,0.679261254328588,0.9738258304476082,0.24247787610619467,0.0,2.6654944209311275,0.24556111324868538,0.0,0.9134461972553547,0.5946543542388097,0.0,0.05398230088495575,0.20542772861356937,0.044247787610619475,0.8577504168269847,0.38602539438245476,0.39315377709375393,0.05398230088495575,0.09474926253687316,0.0,62.0
0xd622,0.0,0.0,0.0,0.6915183340964591,0.7622386294261294,0.31252384768009767,0.0,2.0484871031746033,0.19514556623931623,0.03571428571428571,1.1633065285409034,0.6336233211233211,0.013671875,0.06538318452380953,0.41499494429181927,0.10816592261904762,1.8033281822344323,0.3312991262210012,0.6136437347374848,0.14045806623931623,0.059945913461538464,0.0,52.75
0xd623,0.0,0.0,0.0,0.7070671130064315,0.7544681580189835,0.2446914409913841,0.0,2.1097941046036834,0.22408647787613392,0.004265984109209193,1.3581832227579793,0.42585273550550373,0.0022634676324128564,0.03009345566276291,0.2400214232423744,0.0361531345950151,1.6585334903600717,0.3001839414507769,0.6063082318077812,0.1344189037180742,0.10614497708289003,0.0,46.5531914893617
0xd628,0.0,0.0,0.0,0.6282051282051282,1.2435897435897436,0.4615384615384616,0.0,1.807692307692308,0.16666666666666666,0.0,0.9230769230769232,0.7179487179487181,0.0,0.0641025641025641,0.3974358974358974,0.0,1.0384615384615383,0.1794871794871795,0.19230769230769232,0.01282051282051282,0.14102564102564102,0.0,78.0
0xd629,0.0,0.0,0.0,1.0283950617283952,1.4728395061728394,0.34444444444444444,0.0,2.5993827160493828,0.28209876543209866,0.024691358024691357,0.9141975308641976,0.6395061728395062,0.0,0.0,0.3074074074074074,0.08641975308641975,0.9808641975308643,0.5216049382716049,0.3790123456790124,0.08024691358024691,0.17469135802469135,0.0,55.5
0xd630,0.0,0.0,0.0,0.5105820105820106,0.5687830687830688,0.1693121693121693,0.0,3.052910052910053,0.20634920634920634,0.0,0.25925925925925924,0.3439153439153439,0.0,0.20105820105820105,0.05555555555555555,0.0,0.9391534391534393,0.2671957671957672,0.21428571428571427,0.05555555555555555,0.12962962962962962,0.0,24.0
0xd631,0.0,0.0,0.0,0.6592550909071356,0.6414854421710109,0.0777755834473773,0.0,3.009249844967637,0.4291283310551244,0.0,0.7195482763978673,0.28465003067818695,0.0,0.03490182921275861,0.09132625657251851,0.018291768883790468,0.9962715960705972,0.17722001749667504,0.43699804753797933,0.07735327893751254,0.17859795566624692,0.0,49.27777777777778
0xd632,0.0,0.0,0.0,0.4003496503496503,0.3811188811188811,0.038461538461538464,0.0,2.4475524475524475,0.1451048951048951,0.0,0.46678321678321677,0.2325174825174825,0.0,0.0,0.038461538461538464,0.0,1.6993006993006992,0.20629370629370633,0.08741258741258741,0.0576923076923077,0.09090909090909093,0.0,24.0
0xd633,0.0,0.0,0.0,0.5915672017468544,0.5435584744480948,0.06628070006595044,0.0,2.692089114250702,0.3237635208316666,0.0,1.166290067569736,0.21148616900270692,0.0,0.03445978661132114,0.07576989525226101,0.01309515647750942,1.6803788263416235,0.19700453937651652,0.4577770002626464,0.08070416465867764,0.1508070731580632,0.0,40.26923076923077
0xd640,0.0,0.0,0.0,0.39508132181786865,0.46031101596909524,0.8096257473979479,0.0,2.052102556531582,0.28013582342954163,0.0,1.6124849290125736,0.9280898599936026,0.0,0.15534804753820033,0.8096257473979479,0.0,1.1447922049162176,0.3027730616864743,0.5087965355183189,0.12905686375827366,0.0,0.0,30.666666666666668
0xd641,0.0,0.0,0.0,0.5125269576791378,0.7659038374177164,0.44132906904125563,0.0,2.113403871880004,0.38757881686863815,0.016129356818580052,1.367832331725939,0.5268379692625644,0.004089443141251915,0.10529149432394207,0.40895481907026915,0.08760392009704698,0.917782448090668,0.274278007636315,0.5458079727028391,0.1224417208146586,0.06830683701980353,0.0,60.212765957446805
0xd643,0.0,0.0,0.0,0.5817291333426141,0.5752181601797005,0.2592862942999284,0.0,1.8841095748083994,0.43302283232189703,0.01272956070861378,1.5167707410956024,0.40611918494071775,0.0030326501925923106,0.11301455584628232,0.2570546669268064,0.12571073227267754,1.0671747367915794,0.2852863054892217,0.8464017503706195,0.12319809138646934,0.04495454291999437,0.0,62.72121212121212
0xd648,0.0,0.0,0.0,0.6363636363636364,0.8181818181818182,0.9090909090909092,0.0,1.9545454545454544,0.9545454545454546,0.0,1.4090909090909092,1.181818181818182,0.0,0.13636363636363635,0.6818181818181818,0.18181818181818185,1.2272727272727273,0.2272727272727273,0.5454545454545454,0.0,0.0,0.0,22.0
0xd649,0.0,0.0,0.0,0.6723770445992668,0.8421884532995645,0.5523650579206134,0.0,2.0883045327489773,0.6027756527756528,0.036870203536870205,1.2905181423699943,0.5050568587605624,0.0,0.10984222465703948,0.33009506898395785,0.13823638453268083,0.7669837003170337,0.4305379435009064,0.8730992175436619,0.10501156427082353,0.07457979865387272,0.0,40.44444444444444
0xd64b,0.0,0.0,0.0,0.8260869565217391,0.7826086956521741,0.43478260869565216,0.0,2.1739130434782608,0.8260869565217391,0.0,1.826086956521739,0.3478260869565217,0.0,0.0,0.0,0.43478260869565216,0.9565217391304348,0.6956521739130435,1.4347826086956519,0.0,0.0,0.0,23.0
0xd650,0.0,0.0,0.0,0.4137931034482759,0.9655172413793104,0.4827586206896552,0.0,3.0689655172413794,0.4827586206896552,0.0,0.6206896551724138,0.7241379310344828,0.0,0.4827586206896552,0.4827586206896552,0.0,0.4137931034482759,0.4137931034482759,0.4482758620689655,0.0,0.0,0.0,29.0
0xd651,0.0,0.0,0.0,0.563213673605495,0.5696650923900566,0.18625495772730144,0.0,2.5265181353948227,0.660315656333749,0.03375799602214696,1.0373008650005129,0.272869883990785,0.0,0.11053858354920512,0.1826567103983153,0.08098289124237815,0.7303275777661631,0.1672517723784566,0.6951840029754668,0.09680800282345016,0.11618688422960569,0.0,41.611111111111114
0xd653,0.0,0.0,0.0,0.6601238425632816,0.4499252948347118,0.10887047419480131,0.0,2.1435545526434416,0.6366743811306556,0.01746966768735101,1.2786380867523235,0.19392943798650986,0.003435529669768886,0.15043673454412018,0.11118326083799401,0.16588269463298394,1.0249332272943616,0.28581690940555765,1.007457808151455,0.08752872260835028,0.06075433105318649,0.0,61.67741935483871
0xd659,0.0,0.0,0.0,0.8639438339438339,0.7729151404151405,0.27546703296703295,0.0,2.2182326007326005,0.7376129426129426,0.0,0.8875976800976803,0.3516117216117216,0.0,0.05079365079365079,0.17895909645909647,0.15867521367521367,0.5964010989010989,0.421559829059829,0.9003449328449329,0.044642857142857144,0.09925213675213675,0.0,31.166666666666668
0xd65b,0.0,0.0,0.0,0.6666666666666666,0.7619047619047619,0.2380952380952381,0.0,1.9523809523809523,0.7619047619047619,0.0,1.1904761904761905,0.42857142857142855,0.0,0.0,0.19047619047619047,0.3809523809523809,0.9523809523809524,0.3333333333333333,1.2857142857142858,0.0,0.2380952380952381,0.0,21.0
0xd660,0.0,0.0,0.0,0.6771510673234812,0.76752052545156,0.4015435139573071,0.0,1.9417323481116586,0.3422167487684729,0.0,0.9872495894909687,0.7031034482758621,0.0,0.18481116584564858,0.45187192118226605,0.03333333333333333,0.9636535303776683,0.21917898193760266,0.5172331691297208,0.14775862068965517,0.11215106732348112,0.0,47.0
0xd661,0.0,0.0,0.0,0.8286646038463104,0.9408323373854783,0.4080332047945127,0.0,2.1721377934270327,0.3373591986010234,0.003681904997282743,1.122588703981847,0.5668526423781363,0.001089799476896251,0.08880810529555186,0.40092438431823585,0.07645147687489384,0.9530856645488116,0.2949661154347232,0.6505409297313557,0.12356457092128371,0.10888408604697639,0.0,64.96774193548387
0xd662,0.0,0.0,0.0,0.9736842105263158,0.9736842105263158,0.5263157894736842,0.0,2.1842105263157894,0.2894736842105263,0.0,1.0263157894736843,0.8157894736842105,0.0,0.34210526315789475,0.4736842105263158,0.0,0.9473684210526316,0.6842105263157895,1.0789473684210529,0.0,0.0,0.0,38.0
0xd663,0.0,0.0,0.0,0.8896378485208976,0.7830731397976725,0.24782336765922505,0.0,1.9095573764919687,0.34252131352980214,0.00863193239561824,1.146515739669569,0.4435839943088202,0.0014317792360885647,0.11758862460286529,0.2353481960347338,0.12733320177857696,1.0360695857859983,0.41630151864270554,0.8975137444740303,0.10460762791944805,0.06881886132548859,0.0,65.75652173913043
0xd668,0.0,0.0,0.0,0.76300322915057,0.9232839338757588,0.5052593704232804,0.0,2.198620857456922,0.28596896061050114,0.001404494382022472,0.9218675144036097,0.7910893313379952,0.0,0.05544201213999743,0.4463774526813675,0.054057459868875876,0.7562902810291106,0.35269279492263633,0.31952586655620135,0.13280610190608597,0.11627371551100099,0.0,43.125
0xd669,0.0,0.0,0.0,1.005060576366333,1.0021412717417826,0.38346253779511563,0.0,2.1164217488082167,0.42549115776560065,0.0003589375448671931,0.8794102095739771,0.5075550256078459,0.00466337772062826,0.07009968067120394,0.2889239356444643,0.10136970933646881,0.6809423895953909,0.4233032865106755,0.7057756668163694,0.15025412400055677,0.09233456027201335,0.0,65.07142857142857
0xd66a,0.0,0.0,0.0,1.0,0.9166666666666666,0.2916666666666667,0.0,1.3333333333333333,0.3333333333333333,0.0,0.8333333333333334,0.7083333333333334,0.0,0.2916666666666667,0.2916666666666667,0.0,0.5833333333333334,0.7083333333333334,0.7083333333333334,0.0,0.125,0.0,24.0
0xd66b,0.0,0.0,0.0,1.227288127093956,0.9862802441582613,0.24717406002105313,0.0,2.033311348512508,0.4816243742509059,0.003095975232198142,0.8961033869673801,0.5493663977136806,0.0,0.08596623511790956,0.16851050658443525,0.14568523500079472,0.8038327578259608,0.4977158604188181,1.0537878465565509,0.07127408681205387,0.06144865184339931,0.0,41.23529411764706
0xd671,0.0,0.0,0.0,0.8682738441287838,0.7481607141984203,0.17591609656445073,0.0,2.5056602377815747,0.5198586082843181,0.0,0.8120929471407148,0.37157269449957825,0.0,0.12657305312607117,0.1639255639006048,0.09710908994259738,0.7079605090321491,0.40064557857868793,0.7030510635304527,0.10944413282091077,0.15225030392668634,0.0,57.36363636363637
0xd673,0.0,0.0,0.0,0.9779183569245502,0.6023152511818133,0.08893986841425816,0.0,2.2979285681102137,0.4673991669815904,0.00024807740014884643,0.9439172413593616,0.2745105547329294,0.0,0.12646217332863594,0.07754051836557066,0.11521688926245738,0.9931871398047455,0.3761619398458715,0.8936328075319535,0.1001369502578463,0.08875734022452052,0.0,72.27586206896552
0xd678,0.0,0.0,0.0,1.0792079207920793,0.6732673267326733,0.3069306930693069,0.0,2.207920792079208,0.4257425742574257,0.0,0.5247524752475248,0.5544554455445545,0.0,0.2376237623762376,0.2376237623762376,0.049504950495049514,0.5346534653465347,0.6633663366336634,0.6831683168316832,0.07920792079207921,0.0594059405940594,0.0,101.0
0xd679,0.0,0.0,0.0,1.1584963739652552,0.8753917781125518,0.16391482104476218,0.0,2.6256492640617957,0.7053158840038571,0.0015384615384615385,0.6503973824978871,0.37558850923863546,0.0,0.11007617651015464,0.1322621717596486,0.048867521367521365,0.6512798074740884,0.4381505759449409,0.8262929340074001,0.09760967959243823,0.19212134842075967,0.0,42.1
0xd67b,0.0,0.0,0.0,1.4666666666666668,0.8833333333333333,0.2583333333333333,0.0,1.88125,0.6958333333333333,0.0,0.65,0.2833333333333333,0.0,0.21666666666666667,0.20833333333333331,0.2125,0.7,0.7729166666666667,1.2520833333333332,0.1,0.09375,0.0,44.0
0xd701,0.0,0.0,0.0,0.44999999999999996,1.1194444444444445,0.5444444444444445,0.0,2.0166666666666666,0.27222222222222225,0.041666666666666664,1.9,0.5444444444444444,0.0,0.0,0.375,0.041666666666666664,1.1583333333333334,0.20555555555555555,0.11944444444444445,0.18055555555555555,0.1638888888888889,0.0,48.0
0xd703,0.0,0.0,0.0,0.4224041451018631,0.506215658076674,0.1397769656134324,0.0,1.5868176745040337,0.3339999448753695,0.03182993600000051,2.330049581245484,0.2665670651058989,0.007189031571185533,0.04303924798139898,0.14727200972492413,0.04882340867051437,1.6981404901738575,0.15618515476724595,0.5176144323830154,0.24434014192767875,0.14086724478724422,0.0,40.234939759036145
0xd711,0.0,0.0,0.0,0.4375,1.0,0.40625,0.0,2.34375,0.59375,0.0,1.46875,0.34375,0.0,0.0,0.28125,0.0,1.34375,0.0,0.34375,0.09375,0.375,0.0,32.0
0xd713,0.0,0.0,0.0,0.44646464646464645,0.26073232323232326,0.041666666666666664,0.0,1.8886363636363637,0.7733585858585857,0.08333333333333333,1.8268939393939394,0.19823232323232323,0.0,0.12323232323232323,0.05555555555555555,0.07083333333333333,1.5904040404040405,0.041666666666666664,0.646969696969697,0.04861111111111111,0.07638888888888888,0.0,30.0
0xd722,0.0,0.0,0.0,0.4166666666666667,0.6666666666666666,0.5,0.0,1.5833333333333333,0.5416666666666666,0.16666666666666666,1.7083333333333333,0.7083333333333334,0.0,0.20833333333333331,0.2916666666666667,0.20833333333333331,1.9166666666666667,0.0,0.625,0.125,0.2916666666666667,0.0,24.0
0xd723,0.0,0.0,0.0,0.8573656603716847,0.8392123532100534,0.1967177958623899,0.0,1.7557810483798872,0.30416344237211956,0.010684411476958753,1.7334322883722912,0.3479126408291769,0.002986857825567503,0.031988720272419,0.1922064129104214,0.040526558404490994,1.6859808448047817,0.29315968976602963,0.6282210898639218,0.26163877837456045,0.20813898903597894,0.0,41.0
0xd729,0.0,0.0,0.0,0.9666666666666668,1.2333333333333334,0.16666666666666666,0.0,1.7666666666666666,0.6666666666666666,0.0,1.3333333333333333,0.6666666666666666,0.0,0.03333333333333333,0.16666666666666666,0.0,0.7666666666666667,0.3,0.4666666666666667,0.3333333333333333,0.36666666666666653,0.0,30.0
0xd72b,0.0,0.0,0.0,2.034482758620689,1.6551724137931034,0.27586206896551724,0.0,1.7931034482758617,0.3793103448275862,0.0,1.1034482758620692,0.6896551724137931,0.0,0.0,0.13793103448275862,0.13793103448275862,1.1724137931034482,1.2758620689655171,0.8275862068965517,0.2413793103448276,0.0,0.0,29.0
0xd733,0.0,0.0,0.0,0.9601010101010101,0.618095238095238,0.073015873015873,0.0,2.1640259740259737,0.49142857142857144,0.0,1.360851370851371,0.19256854256854256,0.0,0.07987012987012987,0.073015873015873,0.05666666666666667,1.8287301587301588,0.10060606060606062,0.8586435786435787,0.15555555555555556,0.35955266955266957,0.0,34.5
0xd740,0.0,0.0,0.0,0.7272727272727273,0.3181818181818182,0.5,0.0,1.1363636363636365,0.5,0.0,1.7272727272727273,0.9545454545454546,0.0,0.2272727272727273,0.5,0.0,0.8181818181818182,0.13636363636363635,0.3636363636363637,0.6818181818181818,0.13636363636363635,0.0,22.0
0xd741,0.0,0.0,0.0,0.6566129939158111,0.8314439300217747,0.4066180146551411,0.0,1.8074154232800053,0.5485616267190317,0.022946643467137935,1.6162003625446049,0.43843793744576826,0.0,0.11557412071554363,0.37807840775033785,0.056085150653874885,0.834480052135282,0.19959010434342758,0.640149482930648,0.2498133371450176,0.17713671583599,0.0,51.30769230769231
0xd743,0.0,0.0,0.0,0.7453309876025257,0.5711714022413712,0.164702571293588,0.0,1.4291236405923904,0.5167941030038803,0.019737722776984802,1.8579238166639163,0.2641953691606364,0.008261998861024468,0.11458017773765067,0.16663670518068172,0.15685823185946876,1.062844339120289,0.270886232494049,0.9364034812905576,0.21567682053008924,0.1295549191593987,0.0,98.29949689257177
0xd749,0.0,0.0,0.0,0.8064761439670952,0.7103054197681858,0.42960762368214384,0.0,1.6525547045860611,0.6123202318366407,0.023419203747072598,1.2824634597484494,0.35874413780387676,0.0,0.07988108001433923,0.3422838317132398,0.0611662341202618,0.6907495482333404,0.2012773105883412,0.7748546982192083,0.12854959932804372,0.20323139975226737,0.0,55.285714285714285
0xd74b,0.0,0.0,0.0,1.0900414380711108,0.8419780037149858,0.29376963537416406,0.0,1.6421043727091706,0.6861957792684183,0.0033003300330033004,1.3809005201444997,0.3204909198930337,0.004761904761904762,0.14317872783875277,0.14542937294768737,0.1463378834620067,0.7240626243183013,0.3660076255801755,1.089897768984243,0.12456031079054927,0.15620901272372753,0.0,83.77777777777777
0xd750,0.0,0.0,0.0,1.0263157894736843,1.1578947368421053,0.13157894736842105,0.0,2.0,0.9210526315789472,0.0,0.7368421052631579,0.6052631578947368,0.0,1.0789473684210529,0.21052631578947367,0.2631578947368421,0.7368421052631579,0.42105263157894735,1.1578947368421053,0.13157894736842105,0.13157894736842105,0.0,38.0
0xd751,0.0,0.0,0.0,0.6099887766554434,0.8037205387205387,0.21851010101010102,0.0,2.0231172839506173,0.7033838383838384,0.01919191919191919,1.2925589225589225,0.23945847362514028,0.0,0.12115600448933783,0.18871212121212122,0.07463524130190796,0.7333221099887767,0.08836139169472502,0.7727356902356903,0.08843995510662178,0.18354377104377106,0.0,30.666666666666668
0xd753,0.0,0.0,0.0,0.7497463130200475,0.5345228394507203,0.08286392170050444,0.0,1.659888465960465,0.7384358463901276,0.014828051778494408,1.481990455175642,0.1524570929308528,0.011452434757008124,0.13651412654725373,0.08741429850131094,0.22055610600885212,0.9354155705377585,0.28218846624570704,1.0503406907407888,0.13544400556679642,0.1596804846304145,0.0,55.83516483516483
0xd759,0.0,0.0,0.0,1.0558420337832102,0.9271973941091588,0.2482864357864358,0.0,2.098988837959426,1.0317831678125795,0.0,1.0264408793820559,0.2441006705712588,0.0,0.06713670316611492,0.21023788303200072,0.15832166199813258,0.706205967235379,0.2223972922502334,1.094431712078771,0.06582633053221289,0.11395467277820219,0.0,33.833333333333336
0xd75b,0.0,0.0,0.0,1.1236263736263736,0.9546703296703297,0.24175824175824173,0.0,2.0164835164835164,0.9230769230769231,0.0,1.3777472527472527,0.298992673992674,0.0,0.10714285714285714,0.13415750915750915,0.2934981684981685,0.9688644688644689,0.3008241758241758,1.1758241758241759,0.08608058608058608,0.21978021978021978,0.0,47.0
0xd760,0.0,0.0,0.0,1.3846153846153846,0.8653846153846154,0.4807692307692308,0.0,1.6923076923076923,0.7692307692307693,0.0,1.3461538461538465,0.8653846153846154,0.0,0.15384615384615385,0.5769230769230769,0.0,1.1153846153846154,0.4230769230769231,0.75,0.28846153846153844,0.0576923076923077,0.0,52.0
0xd761,0.0,0.0,0.0,0.9346799814840651,0.9429562972078489,0.34458413561538126,0.0,1.6682279626359116,0.42356399740458095,0.005198776758409787,1.2453148442750273,0.48403918971362725,0.005140672782874617,0.14181432061400678,0.358225891154095,0.13928855667257986,0.8796455418129507,0.28146261797940325,0.6660940670543546,0.20488859614035232,0.17444973939224467,0.0,85.1
0xd763,0.0,0.0,0.0,1.171996207552111,0.8173008666834443,0.17840962096575674,0.0,1.4916686809610449,0.4804206496461804,0.007343257066197357,1.4269900158871103,0.33844082711810264,0.0028664820438274448,0.1303799123695326,0.16942748561040386,0.1506599355174771,0.9787683639952983,0.42222416810515845,1.0398139608170485,0.2009821095382346,0.164310225463996,0.0,95.4089609151573
0xd768,0.0,0.0,0.0,1.4583333333333333,1.1805555555555556,0.4861111111111111,0.0,1.9861111111111112,0.7638888888888888,0.0,1.1944444444444444,0.7638888888888888,0.0,0.16666666666666666,0.4861111111111111,0.06944444444444445,1.0833333333333333,0.6944444444444444,0.6666666666666666,0.1527777777777778,0.06944444444444445,0.0,72.0
0xd769,0.0,0.0,0.0,1.2920156348835699,1.052416315122272,0.3563634121075916,0.0,1.8942662125150342,0.5489206357711776,0.008018998845329377,1.0828178516978884,0.4816870135233082,0.0005333333333333334,0.1257372659734393,0.2926143060661885,0.10077817309529584,0.7044328785637964,0.4424092045879594,0.8610937370428993,0.1884400932127101,0.1725328204042619,0.0,65.02222222222223
0xd76b,0.0,0.0,0.0,1.4112613802043619,0.9596882380632528,0.21386153658509802,0.0,1.5765777759090744,0.5645574054254231,0.004243105113653049,1.1369727559028862,0.38677114497292103,0.00218739416493031,0.12665040524248738,0.17149419658258117,0.1490826109426809,0.7260087605919129,0.4981783465740533,1.0897822763472826,0.1720555100743781,0.19345459509625917,0.0,92.80152671755725
0xd771,0.0,0.0,0.0,1.35,0.725,0.1,0.0,2.1625,0.7125,0.0,1.0375,0.22499999999999998,0.0,0.1875,0.1,0.15000000000000002,0.575,0.38749999999999996,0.8999999999999999,0.275,0.2625,0.0,30.0
0xd773,0.0,0.0,0.0,1.2684751659988975,0.7187735067887424,0.06282049011170528,0.0,1.7843744732128388,0.7049658937040968,0.009896342863671217,1.1660176852145285,0.19697295242232213,0.003946440358112571,0.15492537253059305,0.05050528830986337,0.19057904337063927,0.9213996124427398,0.43688382503047646,1.2626060829874133,0.1175327654884407,0.19451461301160264,0.0,68.0952380952381
0xd779,0.0,0.0,0.0,1.5428014929140208,1.06463307577173,0.19061875659448965,0.0,2.1572611722404607,0.7921245285477648,0.025252525252525252,0.8723893183187355,0.3014674756659166,0.0,0.09535453692145039,0.10464378788525043,0.1212352659969999,0.5687753016596097,0.5758350819588955,1.0488310166626484,0.08276616255513154,0.22465159464083115,0.0,53.166666666666664
0xd77b,0.0,0.0,0.0,1.5580269468672097,0.9391417773205644,0.0733741226941448,0.0,1.7764269613911974,0.7589245277129867,0.0015898251192368843,0.9442394655968459,0.25518600840767547,0.0015791551519936833,0.1002675724416652,0.06463144577249416,0.21116609505193357,0.6282422451211979,0.5849405089522098,1.2648575840953933,0.1506549352115585,0.23066568934183654,0.0,62.76470588235294
0xe143,0.0,0.0,0.0,1.3613295289434912,0.7521856858134399,0.047839334727341164,0.0,0.5477987828373235,1.0716090678673726,0.0062948323817889045,1.8344824333422638,0.11054857026441348,0.009425260160554278,0.31769231075812887,0.054085021407810456,0.3287865353833547,0.4656925036212974,0.48143022055318097,2.2339775590916036,0.2123824208659994,0.10028725438508343,0.0,36.38461538461539
0xe149,0.0,0.0,0.0,1.5836173316173316,1.1024006864006863,0.4791737451737451,0.0,0.9153796653796654,1.4510604890604892,0.0,1.3087198627198626,0.4585036465036465,0.0,0.2634105534105534,0.4107267267267267,0.3289283569283569,0.18288545688545688,0.4850896610896611,1.959042471042471,0.19228828828828828,0.10983783783783782,0.0,27.8
0xe14b,0.0,0.0,0.0,1.6532701076102951,1.1169533348979581,0.13841751767610802,0.0,0.7404501518370459,1.187333954409838,0.006058083485309767,1.495674714249213,0.1372789126150548,0.002095864077492725,0.21652489419248566,0.11774481706937834,0.26064906336518373,0.33272164914340585,0.5584845383580539,2.1187910313465044,0.21467685874642564,0.12151648767100603,0.0,31.988888888888887
0xe153,0.0,0.0,0.0,1.1688912973896288,0.6087636887846998,0.03539915281850766,0.0,0.5957307669419892,1.3919290106250928,0.0,1.4503072122080898,0.1393245106148332,0.057848858959970086,0.9284187142684238,0.015500162919517758,0.6301455961745172,0.20252700800346335,0.6478222230032884,2.3476708478994968,0.1407043408168115,0.12176998011258301,0.0,39.333333333333336
0xe159,0.0,0.0,0.0,1.4419605622504175,1.1317119675815328,0.2937201016911162,0.0,1.1191483369019601,1.6629508709218854,0.0,1.299013318940855,0.21747403160446638,0.0,0.18312688385152154,0.2054484967528446,0.4507287666707957,0.27557584659033935,0.318017878525125,2.0764168333008914,0.010582010582010581,0.2554878696183044,0.0,22.22222222222222
0xe15b,0.0,0.0,0.0,1.4842891300416938,0.8689420039006174,0.07288786400660086,0.0,0.7920459710241157,1.5433987977292207,0.012773566957324135,1.4086910892028848,0.10644849722434571,0.0025614859710969546,0.2540845753044748,0.05395047022432727,0.39667350603165746,0.2697901972889823,0.5134460388543619,2.1807564705434914,0.0968587963541032,0.17632777176334222,0.0,29.743243243243242
0xe163,0.0,0.0,0.0,1.7608572667396196,0.9221073441661677,0.035673507732331265,0.0,0.5939731175025293,0.7815110565110566,0.0,1.0412193132781369,0.12849761526232115,0.0022727272727272726,0.5487503355150414,0.05034532240414593,0.2685219788160964,0.48443932855697563,0.7364627423450953,1.6110668345962462,0.12154058183469947,0.12159323188734952,0.0,70.8
0xe169,0.0,0.0,0.0,1.8533171521035599,1.2648680607418472,0.5391087876524769,0.0,0.6546801095344784,0.8657144635299976,0.016181229773462782,1.0932412247946228,0.4740851381628081,0.03333333333333333,0.1559061488673139,0.41565845158078174,0.3469940253920836,0.3500560119492158,0.562671147622604,1.5213343291013193,0.09353995519044063,0.20507841672890217,0.0,65.0
0xe16b,0.0,0.0,0.0,2.1504854014319696,1.3898765653016045,0.13289145415490292,0.0,0.7198366058411234,0.8963095630508952,0.0036286674324565787,1.1629334671037703,0.21365866205303344,0.0019975979792995146,0.16895925811456097,0.10698594782329232,0.26012047364488544,0.42261004467523333,0.7773693547457631,2.062239345481745,0.16129706885410122,0.14427036128569623,0.0,43.09345794392523
0xe179,0.0,0.0,0.0,1.5,1.5,0.0,0.0,0.0,1.5,0.0,1.5,0.0,0.0,0.0,0.0,0.0,0.0,0.0,1.5,0.0,1.5,0.0,2.0
0xe17b,0.0,0.0,0.0,1.948585004293495,0.8994813309939362,0.05555118599163804,0.0,0.8305009006255022,1.1892486968262106,0.0,0.9800072283555334,0.19278634530735372,0.0,0.5096339331488564,0.021068427370948377,0.4028806217447191,0.22177152027919922,0.8044667734467794,1.9480895275882237,0.1116861068034641,0.23840395574675494,0.0,48.0
0xe352,0.0,0.0,0.0,0.7247619047619047,0.22285714285714286,0.0,0.0,0.42666666666666664,0.7323809523809524,0.0,1.0552380952380953,0.18761904761904763,0.0,3.0057142857142862,0.0,0.8047619047619048,0.06,0.9438095238095239,2.4076190476190478,0.0,0.0,0.0,23.0
0xe353,0.0,0.0,0.0,0.9767441860465116,0.3488372093023256,0.0,0.0,0.8604651162790697,1.162790697674419,0.0,1.3488372093023255,0.11627906976744184,0.0,0.9534883720930232,0.0,0.6046511627906976,0.2325581395348837,0.4883720930232558,2.0,0.11627906976744184,0.2558139534883721,0.0,43.0
0xe372,0.0,0.0,0.0,1.7857142857142858,0.6785714285714286,0.0,0.0,1.3214285714285714,0.75,0.0,0.6428571428571429,0.75,0.0,2.5357142857142856,0.0,0.42857142857142855,0.10714285714285714,1.2142857142857142,2.321428571428572,0.0,0.0,0.0,28.0
0xe543,0.0,0.0,0.0,1.5175557346715258,0.606004406284031,0.02119047619047619,0.0,0.8148168047405963,1.0264730648078377,0.0,1.6571357134283289,0.1629738220182887,0.0,0.14759626971357673,0.05740798794290055,0.22302704470228046,0.6960535126937383,0.3324470404295935,2.0413466946655405,0.2280200274838482,0.08746478794533714,0.0,30.57894736842105
0xe549,0.0,0.0,0.0,2.130434782608696,0.9130434782608696,0.13043478260869565,0.0,1.1304347826086956,1.5652173913043481,0.0,0.7826086956521741,0.39130434782608703,0.0,0.17391304347826084,0.13043478260869565,0.0,0.2608695652173913,0.5652173913043478,1.6521739130434785,0.3043478260869565,0.0,0.0,23.0
0xe54b,0.0,0.0,0.0,1.7749830658056112,0.9305745478814947,0.09340171056611445,0.0,1.0072030786634958,1.1939064835864792,0.0017481780147108443,1.3621480242919026,0.21942931797163984,0.0,0.1727724341268367,0.08601448487833964,0.19648066177450943,0.4526138767247745,0.48355389426662576,2.1621057085824087,0.2355821952019373,0.09692266610245001,0.0,40.57142857142857
0xe559,0.0,0.0,0.0,1.7445652173913042,0.9565217391304348,0.25931677018633537,0.0,1.2849378881987579,1.7461180124223603,0.0,0.6040372670807453,0.2849378881987578,0.0,0.2274844720496894,0.17236024844720496,0.4472049689440994,0.29891304347826086,0.7368012422360248,2.0527950310559007,0.03571428571428571,0.03571428571428571,0.0,25.5
0xe55b,0.0,0.0,0.0,1.5742196005982452,0.7164291198819857,0.059040894527513765,0.0,1.0681886537936032,1.4581163181235584,0.010436061468416809,1.176331036477026,0.11806284076212366,0.013799466100962075,0.17095519052886152,0.05225382489697392,0.2971798701747926,0.41102294505623405,0.3952595145383677,2.1615211406329857,0.12494250302119923,0.12223382837598704,0.0,36.303030303030305
0xe563,0.0,0.0,0.0,2.034194408988892,0.9569148805767366,0.0,0.0,0.8552562823548391,0.6378576134010917,0.0,1.197793989137157,0.1734170941103714,0.0,0.2679963783932546,0.0,0.16414925654056087,0.8061203236235206,0.6201361473443132,2.2669600943144057,0.16822534349708262,0.0854950675922543,0.0,24.142857142857142
0xe56b,0.0,0.0,0.0,2.354043689734583,1.206421965581589,0.07449484210253096,0.0,0.8840786750476176,0.9881327170736486,0.0018091897405659767,1.0233142501296693,0.2835301129834232,0.004818355854992791,0.11386698075913418,0.06834215388648336,0.21671205446664327,0.5032633038897628,0.722163132172814,2.0786434834556724,0.16727268265703352,0.13819926777905872,0.0,45.99038461538461
0xe579,0.0,0.0,0.0,2.1818181818181817,1.2272727272727273,0.18181818181818185,0.0,1.181818181818182,1.4545454545454546,0.0,0.5,0.4545454545454545,0.0,0.18181818181818185,0.18181818181818185,0.2272727272727273,0.2272727272727273,0.3636363636363637,1.9545454545454544,0.2272727272727273,0.18181818181818185,0.0,22.0
0xe57b,0.0,0.0,0.0,2.0993697541064926,0.9462125500615631,0.04415612801707254,0.0,1.0544162856838764,1.2616536083063443,0.005704225352112676,1.0193162986931774,0.19829603274508487,0.0028169014084507044,0.181768142001642,0.049328541810175985,0.21440747217489387,0.4847885460498225,0.6424200977065049,1.973414123718157,0.12009916248349387,0.2139421722577762,0.0,36.5
0xe75b,0.0,0.0,0.0,1.5217391304347827,0.5217391304347826,0.0,0.0,1.2608695652173914,1.391304347826087,0.0,0.8695652173913043,0.13043478260869565,0.0,0.17391304347826084,0.0,0.3478260869565217,0.5652173913043478,0.6521739130434783,1.7826086956521738,0.0,0.0,0.0,23.0
0xe76b,0.0,0.0,0.0,1.932547518862832,0.771618424823856,0.09532036130829188,0.0,1.039487402213075,0.8390524783237885,0.0,1.0060994635236526,0.2503112899170229,0.0,0.22594367613779234,0.061455445736059267,0.20808491131699586,0.4841244709527334,0.4490405847609769,1.4672839350742293,0.14756790355734284,0.1954292813045642,0.0,52.4
0xe77b,0.0,0.0,0.0,1.9714285714285715,0.6,0.0,0.0,0.6857142857142857,0.9428571428571428,0.14285714285714285,1.1428571428571428,0.08571428571428573,0.0,0.2857142857142857,0.0,0.2571428571428571,0.3142857142857143,0.6857142857142857,1.3428571428571427,0.08571428571428573,0.17142857142857146,0.0,35.0
0xf04b,0.0,0.0,0.0,0.9210526315789472,0.6578947368421053,0.34210526315789475,0.0,1.3157894736842106,0.3947368421052632,0.0,1.2105263157894737,0.34210526315789475,0.0,0.10526315789473684,0.13157894736842105,0.2631578947368421,0.4473684210526316,0.631578947368421,1.4473684210526316,0.0,0.0,0.0,38.0
0xf059,0.0,0.0,0.0,0.9428571428571428,1.0285714285714285,0.5428571428571428,0.0,1.9714285714285715,0.9714285714285714,0.0,0.9428571428571428,0.3142857142857143,0.0,0.11428571428571427,0.11428571428571427,0.2857142857142857,0.6,0.6,1.2571428571428571,0.0,0.0,0.0,35.0
0xf141,0.0,0.0,0.0,0.6329790249433107,0.7795414462081128,0.40014382296128326,0.0,1.183713361887965,1.0553938859494414,0.015873015873015872,1.962468505920887,0.33896132527084916,0.0,0.23152557319223988,0.40690455194423447,0.2090262030738221,0.514324556983287,0.20655969177794573,1.1213640085663896,0.29095017636684306,0.10896373981691442,0.0,31.77777777777778
0xf142,0.0,0.0,0.0,1.1764705882352942,0.9411764705882352,0.38235294117647056,0.0,1.0294117647058822,0.8529411764705882,0.0,0.9411764705882352,0.4117647058823529,0.0,1.2941176470588236,0.38235294117647056,0.38235294117647056,0.35294117647058826,0.7941176470588235,1.6764705882352942,0.14705882352941174,0.0,0.0,34.0
0xf143,0.0,0.0,0.0,1.0695851423367477,0.824020641539653,0.1655724129493244,0.0,0.9348484993095976,0.893522598325798,0.021656335443504853,1.8849638591641222,0.17893870675357465,0.006232886581015638,0.20263327475142126,0.15094043530099752,0.2095138912729642,0.6185454445696125,0.42420407279584627,1.472304258893777,0.31030739985302036,0.13566512261408892,0.0,50.96746347941567
0xf147,0.0,0.0,0.0,0.4615384615384616,0.5769230769230769,0.0,0.0,0.2692307692307692,0.38461538461538464,0.1153846153846154,2.5769230769230766,0.0,0.2692307692307692,0.0,0.1153846153846154,0.1153846153846154,0.2307692307692308,0.19230769230769232,0.38461538461538464,0.5384615384615384,0.3461538461538461,0.0,26.0
0xf148,0.0,0.0,0.0,1.04,1.24,0.8,0.0,0.68,1.0,0.0,0.6,0.48,0.16,1.16,0.48,0.28,0.2,0.68,1.96,0.0,0.0,0.0,25.0
0xf149,0.0,0.0,0.0,1.1428355639659706,1.166226006505516,0.5177470202768679,0.0,1.1512034248077176,1.0902391160777687,0.015744696479217123,1.4794856736797681,0.3947579664078491,0.0013010903019103732,0.1887875428642748,0.3848455007440126,0.17706640744170055,0.42662134201638174,0.39793596201162657,1.4312209864202963,0.22532712870978558,0.14417286018821832,0.0,31.049627791563275
0xf14b,0.0,0.0,0.0,1.4055203794035744,1.1952363218935895,0.2813042834359637,0.0,1.0023498018829184,1.0246306456973506,0.008511013134740635,1.565984171275678,0.22424663461795685,0.001420806992024848,0.1780769843664999,0.24142469740615247,0.1647589331856864,0.47217039596593585,0.5297334869784599,1.6732842511019455,0.28310143827365225,0.14614473249975787,0.0,35.995291902071564
0xf151,0.0,0.0,0.0,0.5344017094017094,0.5436965811965812,0.17040598290598288,0.0,1.2880341880341881,1.4301282051282052,0.1028846153846154,1.9387820512820513,0.10117521367521369,0.0,0.15566239316239316,0.12873931623931623,0.2840811965811966,0.40769230769230774,0.13653846153846153,1.2974358974358973,0.2792735042735042,0.13643162393162392,0.0,30.666666666666668
0xf153,0.0,0.0,0.0,0.8793139825263014,0.664038995256102,0.08896232636965921,0.0,1.0363976525011458,1.349684273998966,0.023514210801096683,1.7710780376205861,0.10386155894935456,0.0071572510596900835,0.2867661525845632,0.07522892852517221,0.31189657210894645,0.5145865010433056,0.354954205093166,1.5871088007584364,0.1473855583545713,0.13620522565934348,0.0,33.68181818181818
0xf159,0.0,0.0,0.0,0.9682336280711196,0.9402270385873037,0.2993011687866563,0.0,1.2368498998806052,1.3643833305240574,0.014658727894022013,1.3195537977932552,0.19966641455529413,0.0006127450980392158,0.23311644080218086,0.19289403381964496,0.3920584090614376,0.30448606673851397,0.3637489613801892,1.6090908930593482,0.08256305328442391,0.15845524345535125,0.0,29.5
0xf15b,0.0,0.0,0.0,1.1053504731873824,0.8720919793478332,0.11871979340548468,0.0,1.0964919522359453,1.2875970881496905,0.020224607781442007,1.4641217696817783,0.10772584065737009,0.002921783077348284,0.19760190246171705,0.08768703510328515,0.31808314696576395,0.39969252842571606,0.4183970827643035,1.7023592650776056,0.13710575550553789,0.1737055079539647,0.0,32.2
0xf163,0.0,0.0,0.0,1.5584556386587882,1.0649340559825742,0.10219370066339295,0.0,0.7935672338654094,0.655983883711052,0.012700185274485418,1.4586415657723693,0.2511658188504181,0.013033959928854871,0.3399053023837254,0.10009957459442306,0.20544251494033688,0.6051828330506178,0.7367536519317762,1.4319528441673297,0.26591667768756383,0.13553442450711606,0.0,74.58064516129032
0xf168,0.0,0.0,0.0,1.8695652173913044,1.391304347826087,0.7391304347826086,0.0,1.2173913043478262,1.3043478260869563,0.0,1.1304347826086956,0.9565217391304348,0.0,0.8260869565217391,0.5217391304347826,0.0,0.5217391304347826,0.7391304347826086,1.5217391304347827,0.0,0.17391304347826084,0.0,23.0
0xf169,0.0,0.0,0.0,1.7308492134622393,1.3125119541793455,0.50817726230107,0.0,1.1937697476617708,0.9542380140107242,0.008990764437520862,1.0943980148891685,0.4590801543761167,0.004784688995215312,0.1964401912511268,0.3242840389707979,0.20541599166866786,0.3763224712366948,0.675515664839214,1.4101706694512028,0.1440895849365567,0.1966261636082936,0.0,43.73684210526316
0xf16b,0.0,0.0,0.0,1.82536939570915,1.3404157831112193,0.2548991863251014,0.0,0.9816445411954451,0.8325540054418992,0.0034968152648786914,1.334715345680317,0.2914613170363699,0.0016660872495548697,0.17290460929292933,0.20627424354696533,0.18165475798553632,0.5154067725181105,0.7567479127745154,1.635188301180173,0.24441951943523016,0.16350257731945306,0.0,43.996153846153845
0xf17b,0.0,0.0,0.0,1.4333333333333331,1.2666666666666666,0.2333333333333333,0.0,1.5333333333333334,1.0,0.0,0.9333333333333332,0.1,0.0,0.13333333333333333,0.13333333333333333,0.1,0.5,0.5666666666666667,1.2333333333333334,0.0,0.16666666666666666,0.0,30.0
0xf252,0.0,0.0,0.0,0.5846581196581196,0.35213675213675216,0.09658119658119657,0.0,1.0662820512820514,0.6206410256410256,0.0,0.648974358974359,0.6085897435897436,0.0,2.4573504273504274,0.13538461538461538,0.4424786324786325,0.26495726495726496,0.501025641025641,1.5402136752136755,0.0,0.0,0.0,38.0
0xf341,0.0,0.0,0.0,0.46829044117647056,0.5611213235294117,0.45128676470588236,0.0,1.0946691176470589,0.8602941176470589,0.0661764705882353,1.7072610294117645,0.37224264705882354,0.0,0.5753676470588235,0.20036764705882354,0.3786764705882353,0.38419117647058826,0.4379595588235294,0.8933823529411764,0.11902573529411764,0.0390625,0.0,66.0
0xf342,0.0,0.0,0.0,0.7970430107526882,0.43091397849462365,0.07903225806451614,0.0,0.8029569892473118,0.37822580645161286,0.00967741935483871,1.0333333333333332,0.38548387096774195,0.00967741935483871,1.2040322580645162,0.08225806451612903,0.20698924731182794,0.3916666666666667,0.37661290322580643,1.2959677419354838,0.11801075268817204,0.03333333333333334,0.0,107.5
0xf343,0.0,0.0,0.0,0.6790703404805433,0.4844051190775855,0.11579682898567038,0.0,1.0506432001693118,0.7417278222483971,0.055241616599659746,2.2117971424303473,0.1806812091210873,0.018768297765963685,0.20412075084145187,0.09252120638066365,0.21763054352777825,0.7426956905742308,0.3164432502503636,0.9830328994082731,0.20432204683722954,0.11286598318836553,0.0,77.78787878787878
0xf347,0.0,0.0,0.0,0.043478260869565216,0.45410628019323673,0.28381642512077293,0.0,0.9968599033816425,0.7858695652173914,0.08333333333333333,2.957487922705314,0.12681159420289856,0.11352657004830917,0.14963768115942028,0.12681159420289856,0.2768115942028985,0.7359903381642513,0.028985507246376805,0.6479468599033816,0.15579710144927536,0.09130434782608694,0.0,22.333333333333332
0xf349,0.0,0.0,0.0,0.8757598784194529,0.7826747720364742,0.45592705167173253,0.0,1.419452887537994,0.6762917933130699,0.0,1.4137537993920972,0.32750759878419455,0.03571428571428571,0.2773556231003039,0.23898176291793316,0.20972644376899696,0.44186930091185406,0.5015197568389057,0.800531914893617,0.031914893617021274,0.08548632218844984,0.0,37.5
0xf34b,0.0,0.0,0.0,1.2246289478717896,0.7997212597024499,0.2506542721852996,0.0,1.2530810954118656,0.8937841123227815,0.02777204974478431,1.5275498199917394,0.21291591560029932,0.005494505494505495,0.23530966246017665,0.10926547631574993,0.2190103741617964,0.5210719042515943,0.5871162975296425,1.1419754022452853,0.09167842187766477,0.18524307357265282,0.0,71.42857142857143
0xf350,0.0,0.0,0.0,0.8695652173913043,0.7826086956521741,0.2608695652173913,0.0,1.608695652173913,1.0869565217391304,0.0,1.0434782608695652,0.39130434782608703,0.0,0.8260869565217391,0.2608695652173913,0.17391304347826084,0.6086956521739131,0.5652173913043478,1.0434782608695652,0.0,0.0,0.0,23.0
0xf351,0.0,0.0,0.0,0.8476449275362319,0.6918478260869566,0.19257246376811593,0.0,1.2567028985507247,1.493840579710145,0.0,1.3846014492753627,0.2686594202898551,0.0,1.213586956521739,0.13007246376811593,0.5621376811594202,0.2059782608695652,0.5105072463768117,1.7947463768115943,0.025,0.08097826086956521,0.0,30.75
0xf352,0.0,0.0,0.0,0.757749106548181,0.39850358147489434,0.04193413476501711,0.0,0.7776357326037711,0.8555257720130065,0.0,1.054362241402305,0.33127150999340466,0.023391812865497075,2.1013089855514187,0.0261437908496732,0.5048310135302099,0.18713927231337973,0.5745932680545986,1.6983775351934975,0.0,0.08169785644754356,0.0,37.77777777777778
0xf353,0.0,0.0,0.0,0.8179987443164767,0.5104045119349336,0.07578681011864706,0.0,1.1318536323695563,1.1482012587674364,0.018758085381127734,1.8421671666409718,0.1270883969532804,0.011003031614338746,0.5064119437703916,0.04093889495171708,0.3926745223276288,0.534518248780962,0.4513335662052147,1.3443066462818631,0.10786122209595005,0.1267521896908931,0.0,41.83018867924528
0xf359,0.0,0.0,0.0,1.0434782608695652,0.9565217391304348,0.3478260869565217,0.0,1.5652173913043481,1.0434782608695652,0.0,0.9130434782608696,0.13043478260869565,0.0,0.3478260869565217,0.0,0.13043478260869565,0.2608695652173913,0.8260869565217391,1.1304347826086956,0.0,0.0,0.0,23.0
0xf35b,0.0,0.0,0.0,0.9859446129895652,0.7423388001501486,0.2579377441112887,0.0,1.4165068811071022,1.0045746840975287,0.03463203463203463,1.5507024662883175,0.18416589040207318,0.00847457627118644,0.2243972119340579,0.015617433414043586,0.3669080663461651,0.6090415418528904,0.6072305723834832,1.246213796029566,0.019047619047619046,0.06551077678564783,0.0,49.166666666666664
0xf362,0.0,0.0,0.0,1.3164924506387923,0.8690476190476191,0.22706155632984898,0.0,0.7709059233449478,0.4462833914053427,0.0,0.8423344947735192,0.7108013937282229,0.0,1.344802555168409,0.16666666666666666,0.40461672473867594,0.3781939605110337,0.9683507549361208,1.4837398373983737,0.017857142857142856,0.0,0.0,62.5
0xf363,0.0,0.0,0.0,1.389934215328305,0.7432642254080445,0.09243623897868786,0.0,0.8341790535751978,0.6903670848840877,0.0,1.3108401953134523,0.23944909375369403,0.005354752342704151,0.5154914449444408,0.05816846547770243,0.3605864848066664,0.6176926725637698,0.7234593100982288,1.2915911669244278,0.13971268826003594,0.17348463267554487,0.0,58.666666666666664
0xf36b,0.0,0.0,0.0,1.9709809964047253,1.1587057010785826,0.05084745762711865,0.0,0.9078068823831535,0.9170518746789933,0.0,1.448125321006677,0.13559322033898305,0.0,0.36517719568567025,0.05084745762711865,0.09322033898305085,0.46995377503852087,0.6468926553672316,1.2827426810477658,0.20595788392398562,0.3682588597842835,0.0,46.0
0xf441,0.0,0.0,0.0,0.8333333333333334,0.5,0.0,0.0,1.8333333333333333,1.3333333333333333,0.0,1.6666666666666667,0.6666666666666666,0.0,0.0,0.6666666666666666,0.0,0.0,0.5,1.5,0.0,0.0,0.0,6.0
0xf443,0.0,0.0,0.0,0.8819444444444444,0.6597222222222222,0.2708333333333333,0.0,1.9444444444444446,1.0,0.0,1.5972222222222223,0.45833333333333337,0.0,0.125,0.22916666666666666,0.3263888888888889,0.8611111111111112,0.4861111111111111,1.9375,0.06944444444444445,0.0,0.0,30.0
0xf448,0.0,0.0,0.0,0.8333333333333334,0.4166666666666667,0.625,0.0,1.4166666666666667,0.5,0.0,1.0,0.7916666666666666,0.0,0.08333333333333333,0.4166666666666667,0.0,0.5,0.5416666666666666,0.7083333333333334,0.125,0.0,0.0,24.0
0xf449,0.0,0.0,0.0,0.42833333333333334,0.7575000000000001,0.5516666666666667,0.0,1.7383333333333333,0.9433333333333334,0.0,1.4575,0.5958333333333333,0.0,0.0,0.2875,0.10416666666666666,0.6566666666666667,0.10083333333333333,1.005,0.0,0.06,0.0,24.5
0xf44b,0.0,0.0,0.0,1.1944444444444444,0.7777777777777778,0.08333333333333333,0.0,1.6944444444444444,0.7222222222222222,0.0,1.3055555555555556,0.4722222222222222,0.0,0.08333333333333333,0.08333333333333333,0.3611111111111111,0.2222222222222222,1.1111111111111112,1.5,0.19444444444444445,0.0,0.0,36.0
0xf459,0.0,0.0,0.0,0.8894984326018808,0.8522291884360849,0.4072187391152909,0.0,1.746778126088471,1.064481017067224,0.0,0.8816614420062696,0.4091344479275514,0.060606060606060615,0.041666666666666664,0.20746255660048765,0.3551027516544758,0.6173371647509579,0.3564959944270289,1.4959944270289096,0.027777777777777776,0.0,0.0,25.0
0xf46a,0.0,0.0,0.0,1.8888888888888888,0.7407407407407407,0.1111111111111111,0.0,1.5555555555555556,1.0,0.0,0.4444444444444444,1.0740740740740742,0.0,0.14814814814814814,0.25925925925925924,0.3333333333333333,0.8888888888888888,0.5555555555555556,1.5185185185185186,0.1111111111111111,0.0,0.0,27.0
0xf46b,0.0,0.0,0.0,1.0,0.7857142857142857,0.17857142857142858,0.0,1.3928571428571428,0.6071428571428571,0.25,0.7142857142857143,0.4642857142857143,0.0,0.35714285714285715,0.17857142857142858,0.35714285714285715,0.10714285714285714,0.6785714285714286,1.6785714285714286,0.0,0.0,0.0,28.0
0xf541,0.0,0.0,0.0,0.8225806451612904,0.6212664277180405,0.3651778329197684,0.0,1.3536991085378183,0.9498759305210918,0.026881720430107527,1.4448488190423676,0.3745427809943939,0.0,0.18229023067732744,0.3651778329197684,0.3420365775204485,0.6502343534601599,0.2799742670710413,1.4116992923444538,0.35813803878320005,0.048387096774193554,0.0,48.666666666666664
0xf543,0.0,0.0,0.0,1.1956739053974608,0.7412140021742261,0.13147379759272912,0.0,1.1536943927856733,0.8660266516830105,0.00992683607481749,1.663716246903193,0.2309336177285557,0.0031489921109195194,0.14514911343353828,0.12702257507811313,0.1967722009940798,0.7502205528754086,0.4183054563329271,1.5579889777149682,0.30895905794961154,0.12548861476857945,0.0,55.855598455598454
0xf548,0.0,0.0,0.0,0.8965517241379308,0.27586206896551724,0.27586206896551724,0.0,0.9310344827586208,0.9655172413793104,0.1724137931034483,0.5172413793103449,0.5172413793103449,0.0,0.10344827586206896,0.13793103448275862,0.0,0.3793103448275862,0.1724137931034483,0.8620689655172413,0.10344827586206896,0.03448275862068965,0.0,29.0
0xf549,0.0,0.0,0.0,1.282131060887111,0.9920469849982356,0.40646796515908784,0.0,1.4848054040635275,1.078333374824005,0.012293828957261915,1.2631105483632656,0.4459135021485197,0.0004662004662004662,0.15400849788441257,0.355289747365267,0.1341807949587486,0.5463588101736688,0.3913130552657547,1.4416083543916203,0.2065993049793746,0.11033189930112797,0.0,37.06410256410256
0xf54b,0.0,0.0,0.0,1.4307792911811137,0.9270236667732945,0.2047904648359581,0.0,1.2282661140740343,0.9724357720497231,0.007112749893833717,1.39936716270308,0.28218384670916613,0.003869158283953422,0.13310794091867328,0.1804897574129701,0.18767754225279643,0.5883153606877303,0.4639136684157418,1.6320274864224233,0.26565498492961503,0.11754180205198199,0.0,51.75123558484349
0xf551,0.0,0.0,0.0,0.8939377289377289,0.7251282051282051,0.12838827838827838,0.0,1.315989010989011,1.4179487179487178,0.06403846153846154,1.4318315018315018,0.14302197802197802,0.0,0.22125457875457877,0.21761904761904763,0.15270146520146521,0.472014652014652,0.07632783882783883,1.3705860805860808,0.2883699633699634,0.17761904761904762,0.0,29.5
0xf553,0.0,0.0,0.0,1.053904326556131,0.6243672197640746,0.055053414944062525,0.0,1.2843438483643972,1.1650633233474097,0.01577328523180076,1.4642373889871658,0.1292907816355115,0.0,0.1751135348498755,0.05540514280917056,0.2944261246017206,0.6761024917302544,0.36361585078861164,1.6904439014340162,0.1908830971252857,0.1344803809815546,0.0,39.31372549019608
0xf559,0.0,0.0,0.0,1.2343882459734303,0.9626969645153898,0.2951006513363492,0.0,1.6293758656737733,1.2868507219268308,0.0031746031746031746,1.06207405450871,0.2996914200994288,0.0033333333333333335,0.14928078510929102,0.22790302764749742,0.22853368505439287,0.43680083138900166,0.3208460336384102,1.5748287014718898,0.09394327387617457,0.11555196794417263,0.0,29.3
0xf55b,0.0,0.0,0.0,1.261659667771876,0.76383852146964,0.10512947194260935,0.0,1.3742745363456188,1.2174911792564194,0.018951772350701362,1.2150959495255376,0.1734947854968435,0.002494331065759637,0.11518099560145212,0.07851526730523216,0.247635874029419,0.5309425953981994,0.4195046707021153,1.7166888409880032,0.12195941574430805,0.12290513916059638,0.0,39.6
0xf563,0.0,0.0,0.0,1.6332080853320778,0.9280344424006399,0.10269772544940145,0.0,1.110193064963897,0.7268933638117946,0.002786755264063161,1.4768757034469022,0.27169319535692726,0.0006857571155690917,0.17553176639768267,0.10142295739502263,0.18402181617380667,0.7708468794599088,0.6047250087636473,1.6065939545833625,0.29274148783280385,0.1473311988048042,0.0,63.09803921568628
0xf569,0.0,0.0,0.0,1.6038573537362348,1.0997834644617839,0.3482305577861408,0.0,1.4545260519994765,0.9189911339836552,0.011319073083778965,0.9499496400165421,0.502573578223742,0.0,0.16884132525981652,0.3015769067511791,0.15405487750743924,0.4635522916205514,0.579395009848519,1.4063890664812637,0.16630704235946786,0.12330676277771285,0.0,43.92
0xf56b,0.0,0.0,0.0,1.7248502142697926,1.031610016057832,0.17400039562889652,0.0,1.1951298541456654,0.8289127593809876,0.0035042956962024205,1.2168141954855707,0.3264381726829257,0.0017518019491864992,0.1369044235398116,0.1486546298806513,0.18721503862433198,0.6101656954760872,0.6056199234696418,1.580498466395531,0.2287727047832891,0.14053848711370023,0.0,62.816933638443935
0xf573,0.0,0.0,0.0,1.45,0.8166666666666667,0.0,0.0,0.9666666666666668,0.8833333333333333,0.0,1.0666666666666669,0.03333333333333333,0.0,0.21666666666666667,0.0,0.13333333333333333,0.7166666666666667,0.5166666666666667,1.5,0.05,0.1,0.0,60.0
0xf579,0.0,0.0,0.0,1.965811965811966,1.4875679875679877,0.256021756021756,0.0,1.665112665112665,1.3671328671328673,0.0,0.7657342657342657,0.41414141414141414,0.0,0.1996891996891997,0.256021756021756,0.1052836052836053,0.4160839160839161,0.5233100233100233,1.5236985236985234,0.16122766122766122,0.19813519813519812,0.0,29.0
0xf57b,0.0,0.0,0.0,1.7393394008905407,0.9670858260205184,0.05600961916741455,0.0,1.3709820847282483,1.074061290468776,0.0018747656542932134,0.9773902884650978,0.20263815115304226,0.00432076862875362,0.14914748847269538,0.03902379104859545,0.19563627956940896,0.5486750007963325,0.6011540242098076,1.6538411902782353,0.1316073067083214,0.1540591834702157,0.0,55.42857142857143
0xf641,0.0,0.0,0.0,0.5161290322580645,0.3225806451612903,0.2903225806451613,0.0,1.5483870967741935,0.6451612903225806,0.12903225806451613,0.8709677419354839,0.5161290322580645,0.0,0.2903225806451613,0.2903225806451613,0.12903225806451613,0.3870967741935484,0.6129032258064516,0.935483870967742,0.0967741935483871,0.0,0.0,31.0
0xf642,0.0,0.0,0.0,1.1111111111111112,0.2962962962962963,0.25925925925925924,0.0,1.4074074074074074,0.6666666666666666,0.0,0.925925925925926,0.4074074074074074,0.0,0.9629629629629628,0.25925925925925924,0.0,1.0740740740740742,0.8888888888888888,1.4814814814814814,0.037037037037037035,0.0,0.0,27.0
0xf643,0.0,0.0,0.0,0.7521325277630102,0.4375973735896981,0.294453581871345,0.0,1.7832168542146611,0.7950369004371198,0.0,1.54155314105972,0.44975107433989014,0.015432098765432096,0.27557648856990963,0.21742968796148618,0.1798582498966271,0.8374585585386025,0.3707884768740032,1.2745921384901648,0.10306186868686869,0.0,0.0,48.75
0xf649,0.0,0.0,0.0,0.7307692307692308,0.4045584045584046,0.4330484330484331,0.0,1.826210826210826,1.0056980056980058,0.0,1.2521367521367521,0.4131054131054131,0.0,0.20512820512820512,0.34330484330484334,0.27635327635327633,0.49430199430199434,0.28774928774928776,1.3005698005698005,0.24358974358974358,0.0,0.0,33.0
0xf651,0.0,0.0,0.0,0.840780998389694,0.5400563607085346,0.17129629629629628,0.0,1.8578904991948473,1.0817230273752012,0.02314814814814815,1.1491545893719806,0.2222222222222222,0.0,0.3363526570048309,0.018518518518518517,0.3214573268921095,0.4949677938808374,0.5489130434782609,1.2196054750402576,0.1690821256038647,0.0,0.0,43.666666666666664
0xf653,0.0,0.0,0.0,0.7361629270359612,0.3096296245382739,0.046565679925994446,0.0,1.9877919628937204,1.1107693278044806,0.0,1.4035355197531423,0.2713910811667518,0.0,0.23416391194374542,0.07987343368934488,0.20615792163433236,0.9162066333296676,0.27017942626291375,1.4553526746149317,0.10663256955810146,0.031130897317298796,0.0,29.25
0xf659,0.0,0.0,0.0,1.0016283524904213,0.4673371647509579,0.07777777777777778,0.0,2.0115900383141763,1.1199233716475094,0.0,0.5870689655172413,0.17854406130268197,0.0,0.13333333333333333,0.07777777777777778,0.21944444444444444,0.5292145593869731,0.2622605363984674,1.3698275862068965,0.07614942528735631,0.04837164750957854,0.0,24.333333333333332
0xf679,0.0,0.0,0.0,1.5844155844155845,0.42857142857142855,0.03896103896103896,0.0,2.4545454545454546,0.987012987012987,0.0,0.6883116883116883,0.2987012987012987,0.0,0.2077922077922078,0.05194805194805195,0.18181818181818185,0.4805194805194805,0.24675324675324675,1.4025974025974026,0.12987012987012986,0.1038961038961039,0.0,77.0
0xf741,0.0,0.0,0.0,0.7570326036065858,0.4713178918739991,0.2840089344558064,0.0,1.4673531525567276,0.8253844708660995,0.03729449409687741,1.2276183830304983,0.3280266363682451,0.0,0.29698268278208695,0.21559146037795493,0.1858119291088506,0.5238227303768516,0.31175465435644184,0.983708634155506,0.2212888161249631,0.08596133372697425,0.0,61.333333333333336
0xf743,0.0,0.0,0.0,0.9135890395798757,0.4982742804393596,0.09213705427491094,0.0,1.2545270841703287,0.7621525482919503,0.025234117147508697,1.8009177658759998,0.20746251987152722,0.008845495488287397,0.15504634119031702,0.08379918148821365,0.18633525055618003,0.8118906770317594,0.3120009549240707,1.183871212451057,0.2082401478928214,0.11417851407797074,0.0,90.65692883895132
0xf748,0.0,0.0,0.0,0.6666666666666666,0.3333333333333333,0.7142857142857143,0.0,2.0,0.9523809523809524,0.0,1.9523809523809523,1.0,0.0,0.2380952380952381,0.7142857142857143,0.0,0.2857142857142857,0.14285714285714285,0.4761904761904762,0.19047619047619047,0.2380952380952381,0.0,21.0
0xf749,0.0,0.0,0.0,1.0149749340233127,0.6971212563717212,0.3045206896952419,0.0,1.455611181692825,0.8177760543358691,0.047560347365322345,1.2959143510269642,0.3498038775183469,0.0,0.19721636931967837,0.266031765644609,0.1724491450144348,0.5017770291381972,0.33319563314379563,0.970090996183423,0.09178575394181657,0.1491789465937437,0.0,75.6
0xf74b,0.0,0.0,0.0,1.2086022518683937,0.6591599692059817,0.17553716354956495,0.0,1.2969110647307278,0.8319904682183554,0.013673443296999401,1.3231503661302408,0.25009537540070337,0.011150023406322127,0.138483594326947,0.10609820852031678,0.1896176677282584,0.5350555003092456,0.39470592608102223,1.1915726557388873,0.1533016297439867,0.130025372302079,0.0,86.28
0xf750,0.0,0.0,0.0,1.1353383458646618,0.7368421052631579,0.19548872180451127,0.0,1.7142857142857142,0.9022556390977444,0.0,1.0827067669172932,0.5187969924812029,0.03759398496240601,0.9022556390977444,0.2706766917293233,0.19548872180451127,0.5187969924812029,0.631578947368421,1.2781954887218046,0.14285714285714285,0.13533834586466165,0.0,133.0
0xf751,0.0,0.0,0.0,0.7178977272727274,0.49202516233766236,0.0734375,0.0,1.6959821428571429,1.060653409090909,0.0,1.310957792207792,0.20558035714285713,0.0,0.14263392857142856,0.08415178571428572,0.11428571428571428,0.33971185064935067,0.21915584415584416,1.0756087662337661,0.09308035714285715,0.1314732142857143,0.0,41.0
0xf753,0.0,0.0,0.0,0.9215998416996596,0.4553702777843688,0.05227963584834988,0.0,1.4822035394420978,1.0165564283924076,0.02359331940927367,1.5750012527932538,0.15801797709388118,0.007547264744729611,0.17967968205171725,0.05153636997528655,0.23732277096416948,0.7510112045410735,0.2970449960832342,1.331091074344136,0.1234236724547493,0.11243989557071461,0.0,58.698564593301434
0xf759,0.0,0.0,0.0,1.1124660422303796,0.7427562164300495,0.24254433330906106,0.0,1.6358381227109162,1.0645208290527859,0.012264312141913121,1.1458970931320283,0.26884155576800994,0.0034965034965034965,0.1610166018141467,0.19072635437969906,0.1527832380415177,0.46632502985109725,0.2925461712309139,1.0852079225621525,0.12741278122746202,0.1586551091666129,0.0,43.0
0xf75b,0.0,0.0,0.0,1.3395337965344039,0.6819471856185564,0.09089653588286774,0.0,1.488435191609228,1.08119922749855,0.013503273216978027,1.2407008875675285,0.22677808830111268,0.013118284374371134,0.2145366454532419,0.04908973752629448,0.23588770415445023,0.5049381417601093,0.41786048243435325,1.4904275121401713,0.14836837255509738,0.17623909468360316,0.0,67.9
0xf763,0.0,0.0,0.0,1.4833493731132532,0.7299784974449779,0.07901011524463655,0.0,1.2976331270095967,0.7180355184002128,0.006320991787123286,1.3566157701629211,0.27922072415342486,0.0031675410423321324,0.21872825439893273,0.06740091494783848,0.17901124860919806,0.7510296069964202,0.5324361822875415,1.357737506720686,0.20603874618791684,0.14735832720918837,0.0,87.70370370370371
0xf769,0.0,0.0,0.0,1.4439147556207306,0.8748625766095911,0.23427324663035348,0.0,1.4868659385418794,0.8495691863036523,0.0,1.0859747179165422,0.4483378565624537,0.0,0.1454297483987475,0.16029574865441892,0.1422062092891012,0.4153962613197054,0.41335907435189495,1.0693517406962785,0.10635095898824645,0.16385081572408647,0.0,50.6
0xf76b,0.0,0.0,0.0,1.7080223363247047,0.8747569107963593,0.13791222009160442,0.0,1.3735131586734102,0.7925816286108318,0.002961955936620386,1.0794528264211867,0.35476538640183003,0.0011692516789254875,0.22070081806068126,0.09079326604256929,0.16607801349636278,0.5732077592434822,0.5796396820990066,1.3368974521891819,0.18178915633950427,0.14621977449000367,0.0,77.47457627118644
0xf773,0.0,0.0,0.0,1.554714017947514,0.7531244814786459,0.06786169764408631,0.0,1.644367868787974,0.8981187998510549,0.0,1.1335351590766727,0.21924983371353574,0.0,0.2519088261086274,0.05274610304974677,0.17056449647976102,0.7069743451866389,0.6324602707442969,1.4079336946420078,0.12657733007016148,0.14824373579705144,0.0,62.15384615384615
0xf779,0.0,0.0,0.0,1.5853393917910048,0.8342571407087537,0.13223738626964435,0.0,1.8779869324224163,0.9909552812778619,0.014423076923076926,0.8475207588110814,0.34977455340358565,0.013440860215053764,0.14985820630981922,0.0907553468037339,0.2793449829740152,0.35995187608090834,0.6316479219705026,1.1833482377837217,0.1688936063936064,0.15068533616920712,0.0,64.5
0xf77b,0.0,0.0,0.0,1.6551043294358954,0.7682001329187258,0.039852601564013886,0.0,1.4938853394084906,0.9262160360804688,0.0052944010347922505,1.004093050705624,0.23068762631776807,0.0014985014985014985,0.15907477073922044,0.033800171092567485,0.16509888543147005,0.5601794914486032,0.5200099659299829,1.427743237842307,0.12721802468922996,0.19949743385991253,0.0,61.76923076923077
